id,input,prediction,ground_truth
1,انا امرأة عمري 24 سنة، اشعر بألم ف بطني شديد الألم اشعر بعصر ف بطن و مغص و غثيان و فقدان شهيه و نغزات ف البطن و حراره داخل البطن و اي شي ينكل يقوم بألم بطني بعدها,أعاني من أعراض قد تشير إلى التهاب في الجهاز الهضمي أو قد تكون علامة على القولون العصبي أو حتى حالة أكثر جدية مثل التهاب المرارة أو حتى التهاب الزائدة الدودية. من المهم الذهاب مباشرة إلى الطبيب أو الطوارئ لتقييم الأعراض وتحديد خطة العلاج المناسبة. تجنب تناول الطعام إذا زاد ذلك ألمك أو الشعور بالغثيان. حاول الاسترخاء والتنفس بعمق للمساعدة في تخفيف التوتر والتشنجات. لكن يجب أن تتلقى العناية الطبية فورا لأن الألم الشديد في البطن يمكن أن يكون علامة على حالة طارئة.,يرجى عمل تحليلstool analysis وموافتنا بالنتيجة لتحديد العلاج اللازم و الإكثار من تناول الماء و الأغذية الغنية بالالياف و تقسيم الوجبات ع مدار اليوم لوجبات صغيره و متعدده
2,السلام عليكم، انا امرأة عمري 32 سنة، اعاني من خذلان في الظهر والاكتاف ما المشكلة وماهو العلاج,وعليكم السالم. أنتي عندك الأعراض التي قد تشير إلى العديد من المشكلات، مثل التوتر أو الإجهاد، المشاكل في العمود الفقري، أو حتى وضعية لا صحية عند الجلوس أو الوقوف. من الجيد أن تراجعي طبيبك أو معالج العلاج الطبيعي للحصول على تشخيص صحيح. في الوقت الحالي، قد تساعدك بعض التمارين الخاصة بالقوة و المرونة بالاضافة الى أمتداد العضلات، مثل التمارين الرياضية الهادئة مثل اليوجا والتأمل في تخفيف التوتر والألم. تأكدي من تناول وجبات صحية، الحفاظ على وزن صحي، والحصول على قسط كافٍ من النوم، حيث يمكن أن تؤدي كل هذه العوامل إلى تقليل الألم العام.,الأسباب كثيره ومتنوعه عليك مراجعة طبيب روماتيزم للفحص السريري لاجراء اللازم من تصوير وتحليل الدم وغيره او لتوجيهك للتخصص المعني
3,انا امرأة عمري 33 سنة، من ٤ ايام اشعر بالم حاد بالساقين واليوم صار في تورم غريب,يبدو أنك تعانين من أعراض قد تكون خطيرة. الألم والتورم في الساقين قد يكونان ناتجين عن العديد من الأسباب، بما في ذلك تجلط الدم والتهاب الأوردة. يجب أن تراجعي الطبيب فورا أو تذهبي إلى قسم الطوارئ. قد يكون من الضروري إجراء تصوير بالأمواج فوق الصوتية أو اختبارات أخرى لتحديد سبب هذه الأعراض. لا تتجاهلي هذا الأمر وهو يستدعي الفحص الطبي العاجل.,الاسباب كثيرة و متنوعة الفحص السريري مهم جدا عليك مراجعة طبيب باطني او روماتيزم لاجراء اللازم او توجيهك للتخصص المعني.
4,انا امرأة عمري 37 سنة، تعرضت لحرق من الدرجة الثالثة في مشط القدم، و عندما بدأ الحرق بالشفاء، بدأت أشعر بتنميل و شد عضلي و عصبي في منطقة مفصل و مشط القدم، ما سبب هذه الحالة و ما هو العلاج؟,"أنا آسف لسماع ذلك. يبدو أنك تعانين من تأثيرات جانبية ناجمة عن الإصابة الحادة التي لحقت بك. التنميل والشد المفاجئ قد يكون نتيجة للأذية العصبية أو الندب التي تكونت أثناء عملية الشفاء من الحروق. من الأفضل أن تقومي بزيارة طبيب متخصص في الأمراض العصبية (أخصائي أعصاب) أو طبيب متخصص في الجروح والحروق لتقييم الحالة. ربما يمكنك استخدام بعض الأدوية للتحكم في الألم والتنميل, كما يمكن أن يكون العلاج الطبيعي مفيدًا للتحكم في الشد العضلي وتحسين الوظائف. ولكن تذكر دائمًا أن أي نصيحة طبية يجب أن تأتي من الطبيب المتخصص الذي يتابع حالتك.",الفحص السريري مهم عليك مراجعة طبيبك لاجراء اللازم او لتوجيهك للتخصص المعني
5,هل من الممكن زراعة اصابع يد لطفله ولدت لديها تشوه خلقي باليد مع العلم ان الاصابع المفقوده هي الوسطى والسبابه,يمكن زراعة الأطراف المفقودة، بما في ذلك الأصابع، باستخدام التقنيات الطبية المتقدمة المتاحة اليوم. ولكنها تتطلب فرقاً جراحية متخصصة وتهيئة مكثفة قبل وبعد العملية. يرجى التحدث مع طبيب الأطفال وجراح ترميم اليد للتعرف على جميع الخيارات الممكنة والتحديات المرتبطة بها. تذكر ، كل حالة فريدة وما قد ينجح مع طفل قد لا ينجح مع آخر.,"نعم من الممكن عمل هذه العمليية عندما تبلغ من العمر خمس عشر عاما على شرط وجود اوتار وانسجة مكان الاصابع المفقودة , وتعتبر هذه العملية عملية دقيقة والمهم نجاح توصيل الشرايين والا فالفشل تكون النتيجة"
6,انا شاب عمري ١٩ لدي الم اسفل الضهر والالم اصبح ينزل على الارجل والافخاذ واخيرا نزل على مفاصل الارجل مفصل الركبة والقدم يؤلماني اهلي لديهم انزلاق فقرات هل ممكن ان تكون وراثه,أنا لست طبيبًا ولكن يمكنني أن أقدم لك بعض النصائح على أساس المعلومات التي ذكرت. يمكن أن يكون للوراثة دور في بعض حالات انزلاق القرص، لكن الالم الذي تشعر به أيضًا قد يكون نتيجة للإجهاد البدني أو ظروف أخرى مثل التهاب المفاصل. يُفضل دائمًا استشارة الطبيب لتقييم الأعراض وتشخيصها بشكل صحيح وتقديم الرعاية المثلى. في حالتك، من المهم زيارة طبيب العظام (أورثوبيدي) أو طبيب الأعصاب للحصول على تقييم كامل للألم الذي تعاني منه.,الانزلاق ليس وراثه ويفضل مراجعة طبيب روماتبزم لاستبعاد اي اخرى للالام واليك بعض من النصائح الطبية في حياتك اليوميه تجنب الحركات الفجائيه الحذر عند رفع الأشياء والنوم والجلوس الصحي والوقوف يكون بتباعد القدمين او رفع أحد القدمين على مرتفع عدم الانحناء عدم رفع الأشياء الثقليله وممكن العلاج الطبيعي
7,انا امرأة عمري 33 سنة، تورم في اصابع اليد والكف وتورم في اصابع القدم مع تورم الرقبه ووجود عقده اسفل الرقبه وارتفاع الحراره والتعرق الشديد والتعب من اقل جهد,تبدو أعراضك بالغة ومعقدة وقد تشير إلى حالة صحية خطيرة. يجب عليك مراجعة الطبيب في أسرع وقت ممكن. هذه الأعراض قد تكون مرتبطة بأمراض مثل التهاب المفاصل أو حالات الغدة الدرقية مثل الغدة الدرقية الزائدة أو ورم الغدة الليمفاوية. الرعاية الطبية الفورية مطلوبة لكي تتمكن من التشخيص الدقيق والعلاج المناسب.,عليك المتابعه مع طبيبك طبيب الغدد الصماء لإجراء اللازم وتقييم وضعك واستعباد أسباب اخرى
8,أنا شاب عمري 19 سنة، طولي 158cm. هل توجد عملية زيادة الطول في المستشفى الحكومية في السعودية,"الزيادة في الطول في مثل هذا العمر عملية تحتاج إلى رعاية طبية جدية ومتابعة من قبل الأطباء المتخصصين في العظام والجراحة التقويمية. عمليات الإطالة العظمية ليست بالشيء البسيط وتتضمن مخاطر كبيرة، بالإضافة إلى أنها تتطلب جهداً واحتمالاً للألم كبير.
في السعودية، يوجد مستشفيات حكومية متخصصة مثل المستشفى الجامعي في جدة التابع لجامعة الملك عبد العزيز التي تقوم بإجراء هذه العمليات، لكن يجب التواصل معهم بشكل مباشر للحصول على المعلومات الكاملة.
ومع ذلك، أنصحك بزيارة طبيب متخصص أولاً للنقاش حول خياراتك ولفهم الفوائد والمخاطر المرتبطة بمثل هذه العملية قبل اتخاذ أي قرار.",عمليات زياده الطول فقط تتم في حالات التقزم ولكن وجود قصر خلقي طبيعي لايتم لها تلك العمليات الاهتمام بالرياضه والنوم والتغذيه السليمه هو العلاج
9,"السلام عليكم
انا فتاة عمري 20 سنة، اعاني من الم في عيني اليمنى عند تحريكها الى اليسار ما السبب هل يمكن اني يكون بسبب الاجهزه وما هو العلاج وشكرا",وعليكم السلام. الألم الذي تشعرين به في عينك قد يكون نتيجة لعدة أسباب، منها التعرض المستمر للشاشات الرقمية مثل الهواتف المحمولة والأجهزة اللكترونية، وقد يسبب التوتر البصري. يمكنك تطبيق بعض النصائح لتجنب الإرهاق البصري مثل القاعدة 20-20-20، والتي تقتضي بإلقاء نظرة على شيء على بُعد 20 قدمًا لمدة 20 ثانية كل 20 دقيقة من العمل على الشاشة. كما يمكنك استخدام قطرات العيون المرطبة للتخفيف من الجفاف. مع ذلك، من الأفضل أن تزوري طبيب العيون للحصول على التشخيص الدقيق والعلاج المناسب.,الصداع او الالم بالعين لابد من فحص كامل للعين وعيوب الابصار وضغط العين وقاع العين لاستبعاد مشاكل ضغط الجمجمه كما يجب فحض ضغط الدم و إلتهابات الجيوب الأنفية والاذن بالطبع الإفراط في استخدام الالكترونيات قد يسبب ايضا بعض الالام يجب الفحص عند احد زملاء طب العيون
10,انا رجل عمري 31 سنة، نظرت الى كسوف الشمس سنة 2007 تقريبا ومن يومها وانا ارى نقطة عمياء فى عينى اليمنى تجب الرؤية وخصوص عند القراءة او الاشياء التى تحتاج تركيز هل يوجد علاج لهذة الحالة او قد تتفاقم وتنتقل للعين الاخرى ماذا افعل بعد اهملى الشديد,يعتبر نظرك إلى كسوف الشمس بدون أي حماية من الأسباب المشتركة للتلف العيني. قد تكون النقطة العمياء التي تراها ناجمة عن التلف الشبكي. إذا كنت لا تزال تواجه هذه الأعراض، يجب أن تستعجل الرعاية الطبية على الفور. احصل على موعد مع الطبيب المتخصص في العيون (أخصائي العيون) فورا. في زيارتك، تحدث عن تاريخك الطبي ووصف تفصيلي لأعراضك. سيقوم الطبيب بفحص العين، وقد يكون هناك حاجة لإجراء بعض الاختبارات لتحديد أفضل خط سير للعلاج. تذكر، إن النتائج الجيدة تكون عادة متاحة إذا تم التعرف على المشكلة في وقت مبكر وتلقي العلاج المبكر. لا تهمل صحة عينيك.,هذه استحالة في اللطخة الصفراء ناجمة عن النظر الى كسوف الشمس بالعين المجردة اكثر من دقيقة وتسبب حرق في الخلايا الحساسة المركزية المخاريط لا تسبب العمى الاصابة نهائية ليس لها علاج يجب ان نتناساها وتتعايش معها .
11,انا امرأة عمري 40 سنة، اعاني من عدم انتظام في دقات القلب ازدياد النبض بصوره مزعجة موخرا يصحبه دوران وعدم اتزان في الحركه وضيق في التنفس وتنميل وبروده في الاطراف وبعد تلاشي الاعراض اصبحت اشعر بارتفاع وسخونه شديده بالاقدام وصداع في اكثر الاوقات,أعراضك تشير إلى أنك قد تعانين من أمور مثل اضطرابات القلب، القلق، أو حتى الاضطراب الوعائي للطرف الطرفي. من الضروري أن تتواصلي مع طبيبك في أقرب وقت ممكن وتخضعي لفحوصات إضافية لتحديد السبب الحقيقي. هذه ليست حالة يمكنك تجاهلها، كما أنك قد تحتاجين إلى مراقبة القلب على مدار 24 ساعة لفحص ضربات القلب غير المنتظمة. نصيحتي هي أن لا تقودي سيارة أو تعملي أي نشاط يتطلب تركيزًا حتى تعرفي ما الذي يحدث بالتحديد. لا تترددي في طلب المساعدة إذا شعرت بالحاجة إليها.,"إن عدم انتظام دقات القلب مع دوران وعدم اتزان في الحركة وضيق في التنفس وغيرها من الأعراض المذكورة يستدعي زيارة الطبيب بأسرع وقت حيث لا بد من الفحص الطبي السريري للتحقق من السبب حيث قد تعود لأحد الأسباب التالية:

الرجفان الأذيني.
الرفرفه الاذينية.
تسمم باول اكسيد الكربون.
التسمم.
الانسداد الرئوي.
اضطرابات الغدة الدرقية.
الانفلونزا.
دوار الوضعة الانتيابي الحميد.
مشاكل في الكلى.
النوبة القلبية.
التهاب الرئة.
فرط التهوية.

للمزيد:

ما الفرق بين خفقان القلب الطبيعي وغير الطبيعي؟
ضيق التنفس وعلاقته بصحة القلب والرئتين

المرجع:

WebMD Symptom Checker"
12,انا امرأة، اشعر بوجع كامل الجسد من الخصر لاعلى الرقبه .. عدا عن الم حاد بالقفص الصدري حاللت اغماء .. تسارع .. جميع فحوصاتي سلميه عدا بروتين الدم نازل جدا,يبدو أنك تعاني من الأعراض الجسدية الشديدة، وللأسف كمساعد طبي، أنا عاجز عن تقديم التشخيصات عن بعد. الأعراض التي تشعرين بها قد تكون خطيرة وتتطلب الفحص الطبي العاجل. رغم أن الفحوصات كانت سليمة، فقد يكون من المفيد أن تتحدثي مع الطبيب حول البروتين الدم الخاص بك المنخفض جدًا، واحصل على المشورة من طبيب جيد جدا. لا تتجاهلي أعراضك وإذا كنتِ تشعرين بالغثيان أو التعب الشديد في القفص الصدري أو الشعور بالإغماء، فقد يكون من الأفضل الذهاب إلى الطوارئ بمجرد الإمكان.,يجب مراجعه اختصاصي القلب وعمل رسم قلب اشعه ايكو على القلب وتركيب جهاز الهولتر رسم قلب مستمر لمده 48 ساعه مراجعه اختصاصي امراض الكبد لمعرفه سبب نقص بروتينات الدم وقد يستلزم الامر مراجعه اختصاصي امراض المناعه
13,انا رجل عمري 42 سنة، اشعر بصداع من بعد الافطار بقليل وزاد عليا الان ضربات القلب سريعة بعد ان قمت بعمل جلسة بخار منزلى لشعورى بضيق نفس قليلا من بعدها زادت ضربات القلب واشعر ان جسدى واهن,يبدو أنك تواجه بعض الأعراض التي قد تكون مقلقة. امتنع عن تناول الكافيين أو أي مشروبات محفزة أو أطعمة تم تحميصها بالملح، يجب أن ترسل تلك الأعراض ليست رد فعل طبيعي للإجهاد أو القلق البسيط. يجب أن تتصل بالطبيب في أقرب وقت ممكن. إذا لاحظت تزايد في هذه الأعراض أو إذا بدأت في التعرق بشدة، وأصبحت ضيقة النفس أسوأ أو بدأت في الشعور بالغثيان، فيجب عليك الاتصال بالرقم الطبي الطارئ في بلدك فوراً، قد تكون هذه أعراض لأزمة قلبية.,لابد من قياس الحراره وكذلك ضغط الدم مع عمل بعض الفحوصات مثل صوره الدم والغده الدرقيه ودهنيات الدم
14,انا رجل عمري 46 سنة، من حوالي شهر بدأت أعاني من عرض خفقان القلب و كان يمنعنني من النوم حتى أصبح النوم منعدما كليا رغم أني أشرب دواء منوم و ازداد الأمر سوءا حتى اصبحت أتعب بسرعة و لا أستطيع المشي كثيرا و كذا فقدت شهيتي و رغبتي للأكل مع العلم بأني أجريت فحوصات على قلبي و قال الطبيب بأن كل شيئ جيد,رغم أن الفحوصات القلبية لديك جيدة، الأعراض التي تعاني منها تتطلب زيارة أخرى للطبيب لأنها قد تشير لأمور أخرى. المشقة في التنفس و الإرهاق الشديد قد يدل على مشاكل في الغدة الدرقية أو أمور أخرى. فقدان الشهية قد يكون ذا صلة أيضا بالضغط العصبي أو قد يكون نتيجة لمشاكل في الجهاز الهضمي. من المهم جداً أن تراجع طبيبك وتصف له جميع أعراضك بالتفصيل. قد يكون من الجيد أيضاً التفكير في مراجعة طبيب نفسي، لأن القلق والتوتر قد يكونان السبب وراء بعض الأعراض التي تشعر بها.,تحليل درقية وهيموجلوبين
15,انا امرأة عمري 20 سنة، اعاني من تورم فالقفص الصدري يزيد ويقل وعند ارتداء حماله الصدر يتورم بشكل اكبر ويسبب ضيق تنفس,يجب أن تراجعي الطبيب على الفور لأن هذه الأعراض قد تشير إلى ظروف صحية مختلفة بما في ذلك الأمراض القلبية أو التهاب الغشاء البلوري أو اضطرابات الصدر الأخرى. لا تتجاهلي هذه الأعراض وقد يكون من الضروري القيام ببعض الفحوصات الطبية لتحديد السبب.,السلام عليكم عليك بمراجعه طبيب الجراحه للكشف علي الثديين و معرفه سبب التورم
16,انا امرأة عمري 34 سنة، دم في البول / الم في الجنب اليمن من الخلف الظهر الي اسفل القدم سويت تحليل واشاعات ما في لا حصا ولا رمل يقولوا سليم ما سبب هذا,مرحبا، من الأعراض التي ذكرت، يمكن أن يكون لديك إلتهاب في المسالك البولية أو الكلى أو أي مشكلة متعلقة بالجهاز البولي. الألم في الظهر قد يكون نتيجة للتوتر العضلي أو العدوى الكلوية. إذا استمر الحال وتحليل البول لديك كان سليما، قد تحتاجين إلى مزيد من الاختبارات الأخرى للتأكد من عدم وجود مشكلات أخرى. من الأفضل أن تتحدثي مع طبيبك أو اختصاصي أمراض الكلى أو وحدة الرعاية الأولية حول هذه المشكلة والأعراض التي تعاني منها لأنه قد يتعين عليهم العثور على السبب الجذري لأعراضك ومن ثم تقديم العلاج المناسب.,"لو التحليل والأشعة سليمة،، هل الدم مستمر؟؟ لو مستمر نعيد التحليل والفحوصات urine analysis
CTUT أشعة مقطعية عل المسالك
لو سليمة الألم ممكن من الفقرات وبيسمع في الجنب"
17,انا رجل، ماهى الاطعمة المناسبة لمرضى غسيل الكلى,"توجد العديد من الأطعمة التي يمكن أن تسهم في صحة الكلى لأولئك الذين يمرون بعلاج غسيل الكلى. هذه الأطعمة تتضمن:

1. البروتين القليل: الأغذية مثل اللحوم البيضاء والبيض والأطعمة النباتية الغنية بالبروتين تعتبر جيدة.
     
2. الكالسيوم: الألبان المنخفضة الدهون والأجبان تكون مفيدة بما أن الكالسيوم يمكن أن يكون منخفضا لدى الأشخاص الذين يخضعون لغسيل الكلى.

3. البوتاسيوم المنخفض والأطعمة منخفضة الفوسفور: يجب تجنب هذه الأطعمة لأن البروتين يمكن أن يتراكم في الدم. هذه تشمل الموز، البرتقال، الطماطم والبطاطس. 

4. الأطعمة ذات الصوديوم المنخفض: يجب تجنب الأطعمة الغنية بالصوديوم للحد من ارتفاع ضغط الدم الذي يمكن أن يواجهه الأشخاص الذين يخضعون لغسيل الكلى.

5. مدخول السائل: يجب مراقبة كمية السائل التي يتناولها الشخص حيث قد يتعين القليل منه لمرضى غسيل الكلى.

من الجدير بالذكر أن تناول أي نظام غذائي يجب أن يكون بالتشاور مع أخصائي التغذية أو طبيب الرعاية الصحية.",يجب على مريض الفشل الكلوى تجنب ملح الطعام وأن يتناول يوميا من 50-100 جرام فقط من البروتين الحيوانى والنباتى . وان يكثر من شرب السوئل(الا فى حالات الفشل التى يصاحبها قلة أو أمتناع البول). وان يكثر من تناول العسل والمربى (لغير مرضى السكرى). وأن يعتدل فى تناول الفاكهة الغنية بالبوتاسيوم كالموزوالكريز .وأن يبتعد عن الأغذية المحفوظة.وأن يتناول الفيتامينات والكالسيوم . ونظرا لضيق المساحة أنصح بالدخول على الرابط التالى لمعرفة التفاصيل http://www.forum.brg8.com/t8762.html
18,والدي عمره 57 وعنده تصخم بروستات وطبيب وصف له prosta_ Nor 2Mg يستمر عليه طول حياه..هل يسبب كثرة ادرار.هل هناك افضل من هذا علاج؟ وهل تضخم بروستات يشفى ام لا,تضخم البروستات يعتبر حالة شائعة لدى الرجال الأكبر سنا وقد يكون عندهم صعوبة في التبول. Prosta_Nor هو دواء مضاد للأندروجين وقد يساهم في تقليل الأعراض وتحسين وظيفة البول. بالرغم من أن البعض قد يلاحظ زيادة التبول كأثر جانبي، فإن الدواء عموماً ليس معروفًا لتسبب هذا الأثر الجانبي بشكل كبير. إلا أنه إذا كان الأدرار المتكرر يسبب حالة من عدم الراحة يمكن التواصل مع الطبيب لمراجعة الجرعات أو تجربة علاج بديل. تضخم البروستاتا غالباً ما يكون مزمنًا أي أنه لا يختفي تمامًا، ولكن يمكن التحكم في الأعراض الناجمة عنه بتناول الأدوية المناسبة وإجراء بعض التغييرات في النمط الحياتي. في بعض الحالات، قد يكون الجراحة ضرورية. أنا أشدد على ضرورة التواصل مع الطبيب المعالج في حال استمرار الأعراض أو تدهور الحالة الصحية.,تضخم البروستاتا مرض يتصاحب مع تقد الانسان في العمر . هناك بعض الأدوية التي تساعد على تحسين الاعراض بالمساعدة على فتح عنق المثانة ومجرى البول وهناك أدوية تساعد على تصغير حجم البروستاتا على مدى سنين . لا اعرف تركيب الدواء المذكور لان هذا اسم تجاري . ولكن لو كان احد ما ذكرت فلا يضر ان يستمر عليه مدى الحياة .
19,انا رجل، أنا أعاني منذ فترة حوالي سنتين بظهور حب على الخصيتين بشكل دائم رأسها ابيض حيث تظهر بشكل مفاجيء وتتقيح بعد يومين او ثلاثة ثم تختفي وبعد أسبوع أو اسبوعين تظهر حبة او اكثر مرة اخرى وهكذا وانا متزوج واعتني بالنظافة كثيرا ارجوك اعطني الاسباب والحلول عمري 34 سنة ومتزوج منذ والبس ملابس داخليةقطنية100%,"يبدو أنك تعاني من حالة يمكن أن تكون ثقافة الجلد، الدمامل، أو البثور، الذي يمكن أن ينتج عن العدوى البكتيرية أو الفطريات. يمكن أن تكمن الأسباب في عدم التهوية الجيدة لمنطقة الأربية أو تجمع الرطوبة، والتي تكون بيئة مثالية لنمو البكتيريا والفطريات. 

استشر طبيب الجلد أو طبيب المسالك البولية للحصول على التشخيص الصحيح، قد يتطلب الأمر ثقافة الجلد أو مسحة لتحديد العامل المسبب لهذه الأعراض. في حين يمكن علاج العديد من العدوى الجلدية بمضادات الفطريات أو المضادات الحيوية، يمكن أن تكون الإلتهابات المزمنة عرضة لأمر أكثر خطورة وقد تتطلب الرعاية الطبية المتخصصة.

من الأفضل التوقف عن ارتداء الثياب الداخلية الضيقة والانتقال إلى ارتداء ملابس فضفاضة لتحسين التهوية حول الأربية. الحفاظ على النظافة الشخصية أيضاً مهمٌ جداً ومحاولة تجنب تعرق منطقة الأربية. الحفاظ على جلد الأربية جافًا جدًا مهم لمنع الرطوبة والكائنات الحية الدقيقة من النمو.","هذه الحاله شائعه ومعروفه
وهي موحوده عند كثير من الرجال
هذه اما تكون التهابات البصيلات الشعريه او على الاغلب التهابات العدد الدهنيه المنتشره بكثره في هذه المنطقه ذات الجلد الحساس
العلاج اضافة لما تقوم بم ان تاخذ مضاد حيوي بواسطة الفم ولمدة اسبوع على الالقل
وفي بعض الاحيان الحاده ربما تحتاج الى دهون موضعي
طبعا اضافة لكل ما ذكر فانه يجب التاكد من عدم وجود مرض السكري لديك"
20,السلام عليكم .. انا رجل، انا اعاني من الم خفيف وبين فترات في الخصية اليمنى .. ما العلاج؟,وعليكم السلام. الألم في الخصية قد يكون ناتج عن عدة أسباب مثل التهاب الخصية، الالتواء، الدوالي أو حتى الأمراض الجنسية. من الصعب تحديد العلاج بدون تشخيص دقيق. يمكن أن يتنوع العلاج من المضادات الحيوية (في حالة الالتهاب) إلى الجراحة في الحالات الأكثر خطورة. يجب عليك التواصل مع الطبيب المختص في أسرع وقت ممكن للحصول على التشخيص الصحيح والعلاج المناسب.,لم تذكر هل انت متزوج أم لا؟ وهل هناك اعراض أخرى . اذا لم تكن متزوجا فقد يكون هذا نتيجة احتقان اثر التهرض للاثارة الجنسية . ولكن إذا استمر الالم فربما عليك الذهاب للخصائي ليستبعد وجود دوالي الخصية أو اي اساب اخرى .
21,"السلام عليكم
انا رجل عمري 32 سنة، مريض في التهاب الكبد وبائي B و مصاب كورونا و اتناول لمرض الكبد زيفيكس
هل استطيع تناول مضادات الحيوية للكورونا؟
هل توجد أعراض للكورونا مع التهاب الكبد
لاني أشعر حاليا في إرهاق شديد و صداع حاد و فقدان الشهية للطعام استفراغ مستمر","وعليكم السلام،
أولا، يجب عليك الاتصال بطبيبك الخاص بأسرع وقت ممكن لمناقشة الأعراض التي تعاني منها. هذه الأعراض قد تكون ناتجة عن فيروس كورونا أو التهاب الكبد، أو كلاهما. 

ثانيا، بالنسبة لاستعمال المضادات الحيوية، فهي لا تعالج الفيروسات مثل كورونا بل تعالج العدوى البكتيرية فقط. 

لا يوجد حاليا دواء مضاد فيروسي محدد لفيروس كورونا، لكن هناك علاجات تساعد في تخفيف الأعراض ودعم الجسم حتى يتعافى. 

ثالثا، يمكن أن يكون لداء الكبد التهابي ب وفيروس كورونا تأثير متبادل يعمق من سوء الحالة الصحية. لأنهما يصيبان الجهاز المناعي، مما قد يجعل الجسم أكثر عرضة للإصابة بالعدوى وتأخير عملية الشفاء. 

لذا، من الضروري الحفاظ على التواصل الدائم مع الطبيب المعالج والابلاغ عن أي تطورات في الأعراض.","شفاكم الله وعافاكم
من عرض ملفكم الطبى ينبغى عليكم المتابعه مع الطبيب للضروره حيث ان وجود الامراض المزمنه مع الاصابه بفيروس كورونا تجعلكم فى احتياج للمتابعه والمراقبه الطبيه الدائمه
اما بالنسبه للاعراض فهى تتماشى مع الاصابه بالفيروس وتتماشى ايضا مع الحاله الكبديه وتتماشى ايضا كاعراض جانبيه للزيفيكس
متابعتكم مع الطبيب هامه لوصف بروتكول العلاج المناسب"
22,انا رجل، أعاني أثناء النوم من شعور بزيادة الضغط في الرأس بشكل كبير جدا وثقل وارتفاع في درجة الحرارة مع ضيق بالتنفس وخدران في الجسم,من الأعراض التي تشعر بها، يجب أن تستشير الطبيب فورًا لأنها قد تشير إلى حالة خطيرة مثل ورم في الدماغ، أو السكتة الدماغية، أو الانسداد الرئوي. لا تهمل هذه الأعراض واحرص على زيارة الطبيب في أسرع وقت ممكن. من المهم أيضًا أن تبلغ الطبيب عن جميع الأعراض التي تشعر بها بشكل دقيق ومفصل ليتمكن من تشخيص حالتك بشكل صحيح. الى حين زيارتك للطبيب، يمكنك الراحة والابتعاد عن الضغوط وشرب كميات كافية من الماء.,التهاب الرئه احتمال وارد.... اذهبي للطوارئ
23,"السلام عليكم، انا امرأة عمري 33 سنة، انا حامل في الشهر الخامس وقوة دمي 10,3 واخذ حبتان حديد كل حبة جرعة 100mg ( الحبتان 200mg) كل يوم لمدة اسبوعان . هل هذه الجرعة امنه للحامل ولقوة دمي شكرا على مساعدتكم الدائمة",و عليكم السلام، تناول الحديد أثناء الحمل هو شيء طبيعي ومهم حقاً لنمو الجنين والحفاظ على صحتك. ولكنّ جرعة الحديد يجب أن تكون بمراقبة الطبيب المعالج. غالبًا ما يُنصح النساء الحوامل بتناول حوالي 27 ملغ من الحديد يوميًا. ولكن في حالتك، يتم تناول 200 ملغ يوميًا، وهذه الجرعة قد تكون مرتفعة. يجب استشارة الطبيب المعالج حول احتمالية تقليل جرعة الحديد، أو مراجعة الجرعة بناء على فحوصات دمك. تذكري دائمًا أن تتناولي الحديد مع الفيتامينات والمغذيات الأخرى كالفيتامين C التي تساعد في امتصاص الحديد. لا تتناولي أقراص الحديد مع الحليب أو القهوة أو الشاي، لأنها تقلل من قدرة الجسم على امتصاص الحديد.,"هي امنة للحامل ويجب الاستمرار طيلة فترة الحمل
واعادة فحص الخضاب كل اسبوعين
وفي حال ارتفاع خضاب الدم الى ١٤ عندها يفضل تناول نصف جرعة الحديد المستعملة حاليا"
24,انا امرأة عمري 31 سنة، ‏انا حامل في الاسبوع 18 وعندAnterior wall intramural fibroid اثنين بحجم 2في 1 سم هل في خطورة على سير الحمل او على الجنين انا خائفة حيث انه اول حمل لي .,في الغالب، الألياف العضلية الداخلية للجدار الأمامي (Anterior wall intramural fibroids) لا تتدخل في الحمل أو لا تشكل خطرًا على الجنين، خاصة إذا كان حجمها صغيرًا مثل 1x2 سم. ولكن يمكن أن تأدي إلى بعض الأعراض مثل الألم أو الضغط. من الأفضل أن تتحدثي مع الطبيب الذي يواكب الحمل ليوفر رعاية مخصصة لك وللجنين. سيكون قادراً على رصد أي تغييرات واستجابة لأية مخاوف قد تكون لديك. حاولي التركيز على الأمور الإيجابية والاهتمام بصحتك وصحة الطفل.,لا خطورة باذن الله فقط تابعى بانتظام
25,انا امرأة، هل يجوز الجماع بعد اشعة بالصبغة,"أجراء الأشعة بالصبغة غالبًا لا يترك أي تأثير دائم على الجسم. ومع ذلك، قد يكون لديك بعض الشعور بالضيق أو التعب بمجرد الانتهاء من الإجراء الذي قد يؤثر على الرغبة الجنسية أو القدرة على الاستمتاع بالعلاقة الجنسية.

كجزء من توفير الرعاية الطبية، قد ينصحك الطبيب بالابتعاد عن النشاط الجنسي لفترة قصيرة بعد الإجراء حتى يتعافى الجسم تمامًا.

ولذا، من الأفضل استشارة الطبيب حول هذا الأمر.  إذا لم ينصحك الطبيب باختلاف ذلك، يجب أن تكون أنت وشريكك قادرين على عودة النشاط الجنسي بمجرد شعورك بالراحة لفعل ذلك.","لنفسر بدايةً ما هي الأشعة بالصبغة...يتم حقن صبغة خاصة في الرحم بعد انتهاء الدورة الشهرية لعمل أشعة لأسباب تشخيصية وللتحقق من حلالت معينة.

أما بعدها فينبغي تجنّب الجماع حتى تتوقف الإفرازات المهبلية والتمشيحات الناتجة عن نزول ما تبقى من الصبغة، وهو الأمر الذي يستغرق عادةً يومين إلى ثلاث أيام بعد حقن أشعة الصبغة للرحم.

اقرأ المزيد: تصوير الرحم وقناة فالوب."
26,زوجتي عندها دوالي باجريها وهي الان حامل وشكلهم منفوخ وعندي ولدين وبنتين ما هو العلاج لهاي الحالة من بعد اذنكم,"العلاج الأمثل يعتمد دائما على تقييم الأعراض والحالة الصحية العامة وتاريخ المريض الطبي، وبالتالي يجب أن تتحدث زوجتك مع طبيبها النسائي. بالنسبة لدوالي الساق خلال الحمل، يمكن أن تكون الخطوات التالية مفيدة:

1. الراحة والساقين المرتفعتين: إذا كانت تعمل وتجد أن ساقيها منتفخة في نهاية اليوم، فهذا قد يساعد في تقليل التورم.
2. الجوارب الضاغطة: هي جوارب خاصة تعمل على دعم الجدران الضعيفة في أوردة الساق وتحسين الدورة الدموية.
3. الحفاظ على وزن صحي: الزيادة المفرطة في الوزن يمكن أن تزيد الضغط على الأوردة.
4. القيام بأنشطة بدنية معتدلة: الحركة يمكن أن تساعد على تحسين الدورة الدموية.

لكن دائما اجعلي زوجتك تستشير طبيبها قبل اتخاذ أي خطوة للعلاج، خاصة أثناء فترة الحمل.",تاخذ اسبيرين لحمايتها من الجلطات وتستعمل المشدات عليهم مع عدم إطالة الوقوف ورفع الرجلين عند التمدد
27,السلام عليكم، انا امرأة عمري 29 سنة، عملت سونار وحامل بالاسبوع التاسع ولا يوجد نبض للجنين علما ان حجمة 17 وعملت سونار داخلي وايضا لا يوجد نبض هل يمكن ان يظهر نبض خلال الاسابيع القادمة,وعليكم السلام، أنا آسف لسماع هذه الأخبار. غالباً، يتوقع الأطباء سماع نبض الجنين بحلول الأسبوع ال9 من الحمل. إذا لم يتم الكشف عن نبض الجنين، فقد يشير هذا إلى حالة تسمى الحمل الميت، ولكن هذه الحالة يجب تأكيدها من قبل الطبيب المعالج. النبض لن يظهر في الأسابيع القادمة إذا كان الجنين قد توقف عن النمو. من الهام أن تكوني بصحبة الطبيب ومناقشة الخيارات الممكنة، سواء كانت العملية الجراحية أو الانتظار حتى تحدث الطبيعة بوقتها. حاولي البقاء قوية واعتني بنفسك في هذه الفترة الصعبة.,المفروض كان ظهر ممكن تنتظري وتكرري السونار
28,انا امرأة عمري 23 سنة، انا مصابة بتكيس المبايض و عملت فحص و اخذت دواء و انهيتو و بعد الدورة مازلت احس بالم و وخز مكان الكيس هذا يعني اني لم اشفى بعد ؟؟ وماذا يجب ان افعل ؟؟,رغم أن بعض الألم أو التوتر قد يكون طبيعياً بعد نهاية الفحص والعلاج، فإن الألم المستمر أو المتزايد قد يشير إلى أن الكيس لم يتم علاجه بالكامل أو أن هناك كيساً آخر. على أية حال، يجب أن تتابعي مع الطبيب وتشرحي له كل الأعراض التي تشعرين بها، فقد يتطلب هذا اجراء عملية فحص ثانية أو تغيير في العلاج. لا تتجاهلي هذه الأعراض واعتني بنفسك.,تفحصي سونار
29,تاثير البوتكس على الجنين اذا تم الحقن قبل معرفة الحمل ؟,التأثير المحتمل للبوتكس على الجنين ليس واضحًا تمامًا، لذلك من الأفضل دائمًا تجنب أي علاجات غير ضرورية خلال الحمل. إذا كنت تركزين على الحمل، يمكنك مناقشة خيارات العلاج الممكنة مع الطبيب مسبقًا. وإذا كنت تعتقدين أنك قد تكونين حامل وأنت قد تلقيت حقنة بوتوكس مؤخرا، يجب أن تتحدثي مع الطبيب فوراً.,لا لايوءثر على الجنين
30,هل مداعبة الصدر بالضغط والمص يؤدي إلى ارتفاع هرمون الحليب للمرأة وخاصة اذا كانت تعاني من ارتفاعه بنسبة 32.73 ng/ml,ارتفاع هرمون البرولاكتين، الذي يعزز إنتاج الحليب في الثدي، قد يحدث لعدة أسباب بما فيها الحمل، الرضاعة، الإجهاد أو بعض الأدوية. في بعض الحالات، يمكن أن تزيد التحفيز الجسدي للثدي قليلاً من إنتاج الحليب. لكن إذا كانت نسبة هرمون البرولاكتين المرتفعة مثار قلق لك، من الأفضل أن تتحدثي مع الطبيب الذي يتابع حالتك الصحية. قد يقترح الطبيب تغيير الأدوية إذا كانت هي السبب، أو يمكن أن يوجه للمزيد من الفحوصات للتحقق من سبب الارتفاع.,ممكن للحظات وبعدها يرجع لوضعه الطبيعي
31,انا امرأة عمري 27 سنة وحامل في الشهر التاسع نزل معي مخاط لزج نفس اللي بصوره هل هذي فيها خطوره على الجنين واروح لطوارئ ولا علامه من علامات الولاده وانتظر الطلوق,يمكن أن يكون السائل اللزج الذي تراه عبارة عن سدادة المخاط، وهذه عادة ما تكون إحدى علامات الولادة. لكن ليس بالضرورة أن تؤدي إلى الولادة مباشرة، حيث قد تستغرق الأمور بضعة أيام أو حتى أسبوع. إذا كان السائل يحتوي على دم أو إذا شعرت بالألم أو بتقلصات منتظمة، يجب عليك الذهاب إلى الطوارئ فوراً. أما إذا لم تكن هناك أعراض مقلقة أخرى، فمن الأفضل التحدث إلى طبيبك أو القابلة للحصول على نصيحة. دائما تذكري مراقبة حركة الجنين، اذا شعرتي بتقل في حركته يجب عليك مراجعة الطبيب فورا.,انتظري الطلق
32,انا امرأة، عندما كنت حامل في اواخر الشهر الاول اخذت حبوب سايتوتيك للاجهاض ولكن الاجهاض لم يحدث.. انا الان في الشهر الثامن.. هل هذه الحبوب تحدث تشوهات في الجنين؟,أنا لست طبيبًا ولكني أستطيع تقديم بعض النصائح العامة. السايتوتيك هو دواء يمكن أن يستخدم في بعض حالات الإجهاض، ولكنه قد يشكل خطرًا إذا استخدمته ولم يحدث الإجهاض. يمكن أن يسبب تشوهات ومضاعفات في نمو الجنين. انا أنصحك بشدة بذهاب الى طبيب النسائية والتوليد فوراً ومناقشة هذا الموضوع معه. فالأطباء هم القادرون على تقديم النصيحة الدقيقة والعلاج المناسب.,لا تحدث على الاغلب
33,انا امرأة عمري 26 سنة، اخر دورة28/3 امس عملت التحليل النسبي طلعت النسبة 1111 هل طبيعي ام لا وكم ليا اسبوع,على ما يبدو، أنت تتحدثين عن نسبة الـhCG (هرمون الحمل البشري) في تحليل الدم. النسبة التي لديك تعتبر طبيعية للرجال والنساء الغير حوامل ولكن يمكن أيضاً أن تكون دليلًا على وجود حمل متقدم في الأسابيع الأولى (بين 3-5 أسابيع). ولذا، والنظر في تاريخ آخر دورة لك، يتوقع أن تكوني في بداية الشهر الثاني تقريبا. ننصحك بترتيب موعد مع طبيب أو طبيبة النساء والولادة الخاصة بك للحصول على مزيد من المعلومات والتأكيد على وجود الحمل و تقديم الرعاية المناسبة.,نعم هذا طبيعي
34,سلام عليكم.. انا امرأة عمري 27 سنة، اني حامل اسبوع الخامس كانت نتائج تحليل هرمون حمل هي 5358هل هذا حمل تؤائم؟؟؟,"وعليكم السلام. مستويات هرمون hCG (الهرمون المشتق من الحمل) في الدم تتراوح بشكل عام بين 18 - 7,340 mIU/ml في الأسبوع الخامس. لذلك، قراءة صفرك تبدو طبيعية للحمل الواحد في هذه الفترة. ولكن، لا تستطيع تحديد ما إذا كان الحمل توأم فقط على هذا الأساس. يتم تأكيد الحمل التوأم عادة بواسطة التصوير بالموجات فوق الصوتية (السونار). لذا أنصحك بمناقشة هذه القراءة مع الطبيب الذي يتابع حملك وربما يرغب في أن يجري تصويرًا بالموجات الفوق الصوتية في وقت لاحق للتأكد.",لا..لا يدل على انه توأم لحد الآن وبالسونار يظهر بعد أسبوع إذا توأم
35,انا امرأة عمري 23 سنة، انا المفروض اخد حبوب clomiphen arcana بس مش عارفه هل اخدها بدايه خامس يوم الدورة ولا ولو صح انا نسيت وخلصت دورة وخامس يوم كان يوم ١١ ونسيت هل عادى اخدها بعد الدورة ولا مينفع,حبوب clomiphen arcana يتم تناولها عادة في البداية من اليوم الخامس من دورتك الشهرية. إذا نسيت أن تأخذ الدواء في الوقت المناسب، يجب عليك التواصل مع الطبيب الذي أعطاك الوصفة الطبية. قد يطلب منك الانتظار حتى بداية دورتك الشهرية القادمة لتبدأ من جديد. اتباع التعليمات بشكل صحيح مهم جدا للحصول على أفضل فائدة من العلاج.,لا ينفع الآن..لأنها لازم خامس يوم
36,انا امرأة، فاتتني الدورة 5 ايام مع العلم دورتي منتظمة مع افرازات مي بيضاء وخيوط بيضاء خفيفة عملت تحليل حمل بالبول طلع سلبي ماهو سبب هذا ارجو الرد,"إذا كنت قد غابت عنك الدورة الشهرية والتحليل المنزلي للحمل سلبي، فقد يكون بين الأسباب التوتر والضغط النفسي، تغيير الوزن بشكل مشتد، النشاط المفرط، تغيير النوعية الغذائية، اضطرابات الغدة الدرقية وغيرها من الأمور الطبية. الإفرازات هي أمر طبيعي، ولكن القلق بشأن تغير خصائص هذه الإفرازات قد يتطلب مراجعتك للطبيب أيضًا.

من الأفضل أن تحجزي موعدًا مع طبيبك للتأكد والاطمئنان. المواعيد الطبية الروتينية تعتبر أيضًا جزءًا أساسيًا من الحفاظ على صحة المرأة.",بسب الالتهابات...عالجيها
37,انا امرأة، يعطيك العافيه دكتور انا صار معي كرونا بشهر 10ومن وقتها لهسه وانا معي سهال بس من سبوعين في وجع بطني من سره للاسفل مع سهال اكتر من الاول شو سبب دكتور,عليكِ بزيارة الطبيب بأسرع وقت. هذه الأعراض قد تكون بسبب مضاعفات كوفيد-19 وقد ترتبط أيضًا بالعديد من الحالات الطبية الأخرى، مثل اضطرابات الجهاز الهضمي والتهاب الأمعاء. قد تحتاجين إلى اختبارات إضافية للتشخيص الدقيق والعلاج المناسب. تأكدي من البقاء مرتاحة ومن تناول الكثير من السوائل لتجنب الجفاف الذي قد يحدث من الإسهال. ولكن عليكِ الإسراع في الحصول على المساعدة الطبية.,حالياً ننسى موضوع كورونا ، اي ألم بطني بحاجة كشف سريري لتفادي اي حالة جراحية او التهابية معوية وعلاجها بشكل سليم .
38,انا امرأة عمري 29 سنة، لدي استفسار من الافضل استخدامة اثناء الحمل مكملات الفولك اسيد أم المكملات التي يكون مكتوب عليها ميثيل فوليت,"الفوليك أسيد والميثيل فوليت هما على حد سواء أشكال مختلفة من فيتامين B9. إن مكملات الفوليك أسيد هي الأكثر شيوعًا وتستخدم عادة في الأطعمة المُحَفَّزة للغذاء. ومع ذلك، كان البعض يوصي بالميثيل فوليت بدلاً من ذلك، لأنها الشكل النشط بيولوجيًا للفيتامين B9 ويمكن للجسم استيعابها واستخدامها بشكل أكثر كفاءة.

الكثير من الدراسات تشير إلى أن الخذ الفوليك أسيد قبل وأثناء الحمل يمكن أن يقلل من خطر الأعراض الولادية العصبية في الجنين، مثل السن الشقيق. إذا كنت تحاول الحمل أو حاليا حامل، فمن الجيد أن تناقش هذا مع الطبيب أو الصيدلي للحصول على النصيحة الأكثر ملاءمة.",الأفضل إستخدام مكملات الفولات بدون جلوكوزامين
39,السلام عليكم ورحمة الله وبركاته دكتور انا امرأة ونزلت علي الدوره وابي أوقفها وبكره رحلتي للعمره وللدوره امس جتني وابي أوقفها ي دكتور ايش الحل,وعليكم السلام ورحمة الله وبركاته، حسب معرفتي فإن هناك البعض من الحبوب المانعة للحمل يمكن أن تساعد في تأخير الدورة الشهرية. لكن هذا يجب أن يتم بإشراف الطبيب المعالج ولا يجب أن تقرري هذا بنفسك لأن هذه الحبوب قد لا تكون مناسبة للجميع وقد تكون لها آثار جانبية. لذا أنصح بشدة بالتحدث إلى الطبيب قبل البدء في تناول أي دواء لهذا الغرض.,خذي ابرة بريمولوت
40,انا امرأة عمري 25 سنة، هذ التحاليل عندي lh10. 2 وfsh 5.12 و prolactin14. 4 و tsh 1.06 و hba1c 4.99. ممكن اعرف هل التحاليل طبيعيه.؟ وهل نوع التكيس عندي خطر؟ التحاليل كانت خامس يوم الدوره ووزني ٦٢.٥,"يبدو أن تحاليلك ضمن النطاق الطبيعي، ولكن من الصعب تقدير خطورة مرض تكيس المبايض (PCOS) بناءً على الأعداد فقط. إن المقصود من تكيس المبايض هو تواجد 12 أو أكثر من الكيسات الصغيرة في المبايض. لا توجد طريقة محددة لتحديد خطورة هذا الاضطراب وأعراضه يمكن أن تختلف بشكل كبير بين النساء اللواتي يعانين منه.

إذا كنت تعاني من تكيس المبايض، فالعلاجات الأكثر فعالية عادةً تشمل تغيرات في نمط الحياة بما في ذلك З^ليرجيم غذائي صحي وممارسة الرياضة بانتظام.

من الأفضل أن تتحدث مع طبيبك أو أخصائي أمراض النساء لفهم تكيسات المبايض والعلاجات المتاحة بشكل أفضل.","معرفة التكيس يكون مبني على شيئين من ثلاثة:-
عدم انتظام بالدورة و قلة حدوثها
ارتفاع بهرمونات الذكورة على شكل زيادة بنمو الشعر او ارتفاع هرمون التستوستيرون بالدم
وجود شكل التكيس على الالتراساوند من ناحية زيادة كثافة المبيض و محتواها و من ثم وجود اكثر من ١٠ بويضات على حافة المبيض
اي وجود شكل شبكة"
41,انا رجل عمري 31 سنة، كنت اجلس اشاهد التلفاز ودخل فار علينا فاتصلت بالبواب ليقتله وتم امساكه وقتله وكان يوم عادي في اليوم التالي احسست برهبه وخوف من المنزل وتخيلات ان هذا الفار سوف يظهر لي مره اخري لينتقم مني وانا اعيش حالة من الاكتاب الشديد والهلع والخوم من اي صوت ولا انام,يبدو أنك تعاني من ما يمكن أن يكون رهاب المواقف المحددة أو الفوبيا المحددة، وهو نوع من اضطرابات القلق التي يمكن أن تكون ناجمة عن تجربة مزعجة أو مخيفة مع حيوان معين مثل الفئران في حالتك. سيكون من الجيد الذهاب إلى طبيب نفسي للحصول على التشخيص الصحيح والمعالجة التي قد تشمل العديد من الخيارات مثل العلاج السلوكي المعرفي أو العلاج بالتدرب على مواجهة المخاوف او العلاج الدوائي. إلى جانب ذلك، قد يكون من المفيد أيضأ تطبيق تقنيات الاسترخاء مثل التنفس العميق واليوغا للمساعدة في التعامل مع التوتر والقلق.,مهم التدريب على الاسترخاء وضبط جرعة الحذر واليقظة مع أخذ احتياطاتغير مبالغ فيها.. وضع مصيدة مثلاً.. والتعود على مشاهدوة الفئران ولو على اليوتيوب
42,"هل من الممكن ان يكون سبب الاصابة
ذاته هو سبب العلاج هناك مريض مصاب بالذهان منذ سنوات طويلة لكن الاعراض لديه ليست متفاقمة او كبيرة سبب الاصابة صدمة نفسية بسبب خسارة امه واخيه هل من الممكن ان يتعالج فقط بصذمة نفسية اخرى لان هذا ما حدث
صدمة سببت له مرض الذهان واخرى سبب شفائه نهائياً?",لا ينصح بتعمد تعريض الشخص لصدمة نفسية كأسلوب علاجي. الصدمات النفسية ليست من الطرق الآمنة أو الفعالة لعلاج الحالات النفسية مثل الذهان. بدلاً من ذلك، يتوجب على الشخص التواصل مع طبيب نفسي محترف حيث يمكن استخدام العديد من الأساليب العلاجية الأخرى مثل العلاج السلوكي المعرفي أو العلاج المركب. في بعض الحالات، قد يشمل العلاج استخدام الأدوية. من الهام جدا أن يقوم الأشخاص الذين يعانون من حالات نفسية بالتعامل مع الصدمات النفسية برفقة محترفين الصحة النفسية.,هذا غير وارد طبيا
43,انا رجل - ماهو سبب الطقطقه في الاذن عند البلع وكيف التخلص منه,"تعتبر الطقطقة في الأذن عند البلع عرضًا شائعًا قد ينتج عن تغيرات في كيفية فتح وإغلاق أنبوب الفتح الخاص بك (أنبوب يصل الأذن الوسطى بالحلق والأنف ويمكن أن يساعد في تنظيم ضغط الأذن). هناك عدة أسباب محتملة لهذه الظاهرة، مثل التهاب الأذن الوسطى، الجيوب الأنفية، التهاب الحلق أو الانفلونزا. 

في البعض الأخر، قد يكون السبب هو توتر العضلات حول الأذن. إذا كانت هذه الظاهرة مزعجة بشكل خاص، فقد يكون من الجيد التحدث إلى الطبيب أو أخصائي الأذن، الأنف والحنجرة عن المشكلة. قد يكون من الممكن تغيير بعض العادات اليومية للمساعدة في تخفيف الأعراض، مثل تجنب المشروبات الغازية، التوقف عن التدخين، وتناول الطعام ببطء. إذا كان السبب هو التهاب، فيمكن أن يقوم الطبيب بوصف بعض الأدوية لمعالجة الالتهاب.","صوت القرقعة في الأذن عند الأكل يحدث نتيجة وجود مشكلة إما في قناة استاكيوس حيث أن هذه القناة تربط بين الجزء العلوي من الحلق والأذن الوسطى. وتعمل هذه القناة على الحفاظ على الضغط داخل الأذن مناسب. لذلك فإنها تفتح أثناء المضغ والبلع والتثاؤب. 

وصدور صوت لها يمكن أن يعتبر أمر عارض إذا لم يرافق ذلك أعراض أخرى مثل الشعور بامتلاء الأذن، أو ألم الأذن، أو ضعف في السمع وغيرها من الأعراض المرافقة لمشاكل قناة استاكيوس.

والسبب الآخر هو اضطراب المفصل الفكي الصدغي (بالإنجليزية: Temporomandibular Joint Disorder) وهو المفصل الموجود أمام الأذن ويربط بين عظم الوجه والفك السفلي. اضطرابات كثيرة يمكن أن تصيب المفصل ولأسباب عديدة من أهمها الضغط على الأسنان ويكون ذلك أثناء النوم. 

في حال كان صوت الطقطقة لوحده دون وجود ألم في مفصل الفك أو غيرها من الأعراض لا داعي للعلاج.

 

Donna S. Bautista. Temporomandibular Joint Disorder. Retrieved on the 18th of March, 2020, from: 

https://www.emedicinehealth.com/temporomandibular_joint_tmj_syndrome/article_em.htm#what_is_temporomandibular_joint_tmj_syndrome"
44,"من فضلك انا امرأة متزوجة عمري 20 سنة ووزني 62 و طولي 165 سم واجريت تحاليل بسبب عدم انتظام الدورة الشهرية
طلع عندي هرمون التستوستيرون عالي جدا ف أرسلوني عند طبيب الغدد و لكن لا يمكنني الذهاب لظروف
ف نصحوني بتتبع نظام غذائي صحي ماذا يجب أن افعل","من الأفضل دائما استشارة الطبيب المتخصص ولكن في حال لم تتمكني من الذهاب، يمكنك اتباع الخطوات التالية:

1. الحفاظ على نظام غذائي صحي: حاول تناول الأطعمة التي تحتوي على الكاربوهيدرات المعقدة مثل الخبز الأسمر والقمح الكامل وتجنب الأطعمة العالية في السكريات والدهون المشبعة.

2. ممارسة الرياضة: ممارسة الأنشطة البدنية بشكل منتظم يمكن أن يساعد على تنظيم مستويات الهرمونات في الجسم.

3. الحفاظ على وزن صحي: البدانة قد تؤدي إلى زيادة مستويات التستوستيرون، لذا قد يكون من المفيد خسارة الوزن إذا كنت تعاني من زيادة في الوزن.

4. تناول الأطعمة التي تحتوي على الفيتامينات والمعادن الضرورية: الفيتامينات مثل فيتامين D والمغنيزيوم يمكن أن تساعد على تحسين صحة الغدد الصماء.

تذكري أن هذه النصائح هي بديل مؤقت، من الأفضل دائما استشارة الطبيب المختص أو الممارس الصحي للحصول على الرعاية الطبية المناسبة لحالتك.",يجب المتابعة مع طبيبه نساء وبعد تشخيص حالتك من قِبلها وإعطائك العلاج والإرشادات يتم تصميم نظام غِذائي و رياضي مناسب لكِ .
45,"السلام عليكم.
انا رجل عمري 33 سنة، لقد قمت بعملية البواسير من اربعة ايام و بعد اليوم الثالث اشعر بحرقة شديدة بعد الخروج ولكن هذا الالم يزول بعد ٥ دقايق، فهل من الممكن استعمال مرهم fast heal gel ؟","وعليكم السلام.
أولا، من الطبيعي الشعور ببعض الألم أو الحرقة بعد الخروج عقب إجراء العمليات الجراحية، مثل عملية البواسير. يمكنك استخدام مرهم Fast Heal Gel إذا كان موصوفًا لك من قبل الطبيب. ولكن اذا استمرت الأعراض أو زادت شدتها، يجب مراجعة طبيبك الذي قام بالعملية. كما ينصح أيضًا بتعزيز اهتمامك بالنظافة الشخصية والابتعاد عن الجلوس لفترات طويلة وشرب الكثير من السوائل والماء وتناول الأطعمة الغنية بالألياف للمساعدة في تقليل الضغط على الأمعاء وتيسير البراز بشكل عام.","يجب معاملة الجروح بعد عملية البواسير كالشرخ الشرجي ، وعمل مغاطس ماء دافئ 3-4 مرات يوميا في حوض استحمام كل مغطس لمدة 20-30 دقيقة 
مع وضع المخدر الموضعي وتجنب الامساك 
لا تستتعمل المرهم المذكور ، 
متوقع بعد عملية البواسير أن يستم نزول بعض الدم وبعض الألم خلال أسبوعين ستتحسن الأمور"
46,"انا امرأة، بعد الولاده اشعر بوخز عند التبرز مع الم شديد وقت وبعد التبرز . يوجد زائده جلديه عند فتحه الشرح تولمنى .هل هناك كريمات للعلاج لاتؤثر على الرضاعه ؟
هذه الحاله شرح شرخى ام بواسير؟",من الصعب تحديد الحالة بدقة دون فحص طبي، لكن الأعراض التي تصفين تشير إلى احتمالية وجود شرخ شرجي أو بواسير. في كلتا الحالتين، من الأفضل رؤية الطبيب لتشخيص دقيق. لتخفيف الألم والعدوى، يمكن استخدام كريمات مثل كريم هيدروكورتيزون أو كريمات البواسير الأخرى التي تحتوي على مركب الزنك أكسيد. ولكن عليك التأكد من أنها آمنة خلال فترة الرضاعة قبل استخدامها. خذي النصائح عن أفضل طريقة للتطبيق من الطبيب أو الصيدلي الذي يصف الدواء. علاوة على ذلك، يمكنك القيام بتغييرات في النظام الغذائي و نمط الحياة لتحسين صحة الجهاز الهضمي وتقليل الألم، مثل الابتعاد عن الأطعمة التي تسبب الإمساك وشرب الكثير من الماء والقيام بالرياضة بانتظام.,قد تكون أي من الحالتين، الزائدة قد ترجح وجود الباسور، ولكن الوضع بحاجة لفحص طبي للتأكد من التشخيص. لا بد من العناية بنوع الطعام وتجنب الإمساك، بتناول الكثير من الخضار والفواكه وشرب الكثير من الماء. يمكن عمل مغاطس فاترة مع أحد المطهرات مثل الديتول أو البرمنغنات أو غيرها، ومراجعة الطبيب في أقرب وقت.
47,وهي حاسه بحاجه كدا عامله زي الكوره في رجليها و راحت لدكاتره كتير قالوها تعمل رنين بعد كدا عملية وفي الي قالها لا اكتفي بالدوا وكتبلها دوا اسمو امبيزيم و ثرومبكس,يبدو أنك تعاني من مشكلة في الساق قد تكون بسبب الانتفاخ أو الجلطات. علاج الامر يعتمد على الحالة الصحية بشكل فردي. الأدوية التي أعطيت لك (أمبيزيم وثرومبكس) تشير إلى أنه قد يكون هناك مشكلة في تجلط الدم. ولكن هذه ليست بديلاً عن التشخيص الكامل. يبدو أن الطبيبين قد نصحوك بعملية رنين مغناطيسي، وهذا يمكن أن يكشف عن أي مشاكل غير ظاهرة قد يكون لها صلة بالأعراض التي تعاني منها. قد تحتاج أيضاً لاستشارة طبيب آخر للحصول على رأي ثالث. يجب عليك أيضاً توثيق أي أعراض جديدة أو اتجاهات في الأعراض ومشاركتها مع الطبيب.,"هذه deep vein thrombosis
تحتاج الى ملينات الدم
Calexan 4000 مرة واحدة يوميا لمدة اسبوعان"
48,انا رجل عمري 38 سنة، عندي تورم يشبه التكتل فوق القفص الصدري من الاسفل للجهه اليسرى واشعر ببعض الالم عند الضغط عليه يتراوح حجمه ٤-٥سم ولكم الشكر والعرفان,من الصعب تحديد السبب المحتمل للتورم الذي تعاني منه بدون مزيد من الفحوصات الطبية. يمكن أن يكون هذا التورم ناجم عن عدة أسباب قد تتراوح من الأمور غير الخطيرة مثل الالتهابات والكدمات إلى الأمور الأكثر خطورة مثل الأورام. أنا أنصحك بزيارة الطبيب في أقرب وقت ممكن لإجراء فحوصات طبية شاملة والحصول على التشخيص الدقيق. الرعاية الطبية السريعة تؤدي غالبا إلى نتائج أفضل.,انت بحاجة لاستشارة اخصائي الجراحة للفحص و التشخيص و العلاج الجراحي على الاغلب
49,بنتي عمره عشرة اشهر وصار يومين درجة حرارته مرتفع 38 و39 استعملله بانادول و تحاميل ادول وسيفكس ماتنخفظ درجه حراره,"في هذه الحالة يمكن أن يكون هنالك التهاب أو عدوى يجب التأكد منه. رغم أن البانادول والتحاميل يمكن أن تساعد في خفض الحرارة، إلا أنه يجب فحص الطفل من قبل الطبيب للتأكد من سبب الارتفاع المستمر في درجة الحرارة. يمكن أن يكون هنالك حاجة لتعديل الجرعة أو استخدام نوع آخر من الدواء. لا تتاخر في طلب الرعاية الطبية.

كما أنه من الأسس التأكد من أن طفلك يشرب الكثير من السوائل لتجنب الجفاف الناجم عن الحمى. استخدم مطهر اليدين والأدوات النظيفة في البيت لتقليل المخاطر المرتبطة بنقل الجراثيم والفيروسات. إن الراحة الجيدة تساعد الأطفال على التعافي بشكل أسرع، لذا فإن جعل الطفل يرقد في فراشه قد يساعد أيضًا.",لا انصح استخدام المضادات الحيوية من قبل الأهل !! لان الدواء يجب ان يكتب عن طريق طبيب الاختصاص و يجب ان يحسب الجرعة المناسبة و الأوقات و الفترة بشكل علمي ! لذا انصح استشارة طبيب مختص
50,انا فتاه غير متزوجه كان ينزل مني المني كالسائل المخاطي كثيف ومن قبل شهرين ينزل المني خفيف جدا كالماء بكميه متوسطه لماذا تغيرت كثافته هل هاذا طبيعي او من الغذاء او مرض؟,"من الناحية الطبية، المفترض أن ما تتحدثين عنه ليس ""المني"" وإنما الافرازات المهبلية. الافرازات المهبلية تختلف من امرأة إلى امرأة وتتغير حسب دورة الحيض. قد يكون التغيير تأثير طبيعي، بعد الاباضة تزداد الافرازات وتصبح كالمخاط. في بعض الأحيان، هذا التغيير في الكثافة والقوام قد يكون ناتجًا عن الغذاء أو التوتر العاطفي أو المرض. لكن إذا كنت تلاحظين تغييرات ملحوظة في اللون أو الرائحة، أو إذا تغيرت الافرازات بشكل ملحوظ ورافقها الألم أو الحكة، فيجب أن تتحدثي إلى طبيب أو ممارس الرعاية الصحية الخاص بك لأنه قد يكون عندك التهاب أو عدوى مهبلية.",اذ لم تكن هذه الافرازات مصاحبه بحكه او رائحه كريهه فهي غالباً افرازات طبيعيه، وقد تتغير كثافتها وكميتها بعد الاباضه حتى نزول الدوره بشكل طبيعي وهي لا تدعو للقلق.
51,انا امرأة - مافائدت هذا العلاج NAUTISOL prochlorperazine Maleate BP 5mg,"NAUTISOL prochlorperazine Maleate BP 5mg عبارة عن دواء يستخدم بشكل أساسي لعلاج الغثيان والقيء الناتجين عن أسباب مختلفة مثل العلاج الكيميائي أو المسالك الهضمية، كما يمكن استخدامه لعلاج اضطرابات القلق. ولكن، مثل أي دواء، يمكن أن يسبب بعض الأعراض الجانبية مثل الدوار، النعاس، أو اضطرابات الرؤية. يجب تناول الدواء بناءً على توجيهات الطبيب فقط. 

قد يتعارض الدواء مع بعض الأدوية الأخرى أو قد يكون غير مناسب للأشخاص الذين يعانون من بعض الظروف الصحية. لذا دائما يجب التحدث إلى الطبيب أو الصيادلة عن جميع الأدوية التي تتناولها حاليا وتوفير تفاصيل كاملة عن حالتك الصحية قبل البدء في تناول هذا الدواء.","يحتوي دواء Nautisol على المادة الفعالة بروكلوربيرازين التي تنتمي إلى مجموعة من الأدوية تسمى مهدئات الفينوثيازين. يمكن استخدامها لعلاج:

الدوخة بسبب أمراض الأذن مثل داء مينير أو التهاب القوقعة.
الغثيان والقيء أثناء الصداع النصفي.
الغثيان والقيء الناتج عن أدوية السرطان.
الأمراض العقلية مثل انفصام الشخصية والهوس.
اضطراب القلق على المدى القصير.

المرجع: Prochlorperazine 5mg tablets"
52,انا فتاة عمري 16 سنة، هل اكل حبوب سولبادين تبطلل مفعول حبوب الحمل,"أولًا، من الأفضل تجنب تناول أي دواء بدون إشراف من الأطباء. حبوب سولبادين هي دواء مسكن يستخدم لتخفيف الالم ولا يجب استخدامه في التفاعل مع حبوب منع الحمل إلا بناءً على توجيهات الطبيب.

الأدوية يمكن أن تتفاعل بطرق مختلفة وقد تؤثر على كيفية عمل حبوب منع الحمل، التي بدورها قد تؤثر على كفاءتها. 

عندما يتعلق الأمر بحبوب منع الحمل، من الأفضل دائما الحصول على المشورة الطبية. إذا كنت ترغبين في تناول سولبادين، فإنه يجب عليك التحدث مع الطبيب الذي يصف لك حبوب منع الحمل. هم في أفضل مكان لتوجيهك.",لاتعارض بينهم ولا تبطل مفعول حبوب منع الحمل
53,انا رجل عمري 30 سنة، هل يتعارض دياكين مع ايزوميبرازول ؟ هل يسبب ديباكين ارتفاع حموضة المعدة ...لأنني عندي ارتجاع المريء.... شكرا لكم,ديباكين (فالبروات الصوديوم) هو دواء مضاد للصرع وايزوميبرازول هو دواء يستخدم لعلاج القرحة المعدية والرجع المريء وارتفاع حموضة المعدة. ليس هناك تعارض مباشر بين العقارين، ولكن دائمًا يجب استشارة الطبيب قبل تناول أي دواء جديد. بالنسبة لديباكين، ليس من الشائع أن يسبب ارتفاع حموضة المعدة، ولكن ممكن أن يكون له تأثيرات جانبية أخرى مثل التعب والدوخة. إذا كنت تعاني من أعراض غير مريحة، يجب التحدث مع الطبيب حول ذلك. التحكم في نظامك الغذائي، التقليل من تناول الأطعمة المسببة للإزعاج مثل الأطعمة الدهنية أو الحارة، بالإضافة إلى تجنب الأطعمة ثلاث ساعات قبل النوم قد يكون مفيدًا في تخفيف الأعراض. يجب أن تشرب الكثير من الماء أيضًا.,لا تعارض مع الارتجاع و يفضل بانتوبرازول
54,"استخدام جلوكوفاج للتخسيس
انا فتاة عمري 13 سنة",خطأ استخدام علاجات مثل جلوكوفاج لأغراض تخسيس، خاصة للأشخاص الذين ليس لديهم مرض السكري. هذا الدواء مصمم خصيصًا لمساعدة الأشخاص الذين يعانون من مرض السكري من النوع الثاني. الاستخدام غير الملائم له يمكن أن يؤدي إلى مضاعفات صحية خطيرة وقد يكون ضارا، خاصة للأطفال والمراهقين. بدلاً من ذلك، حاولي التركيز على تناول نظام غذائي متوازن وممارسة النشاط البدني بانتظام. إذا كانت لديك مشاكل بالوزن، فمن الأفضل التحدث مع طبيب أو أخصائي تغذية.,السلام عليكم. اولا يجب استخدامه تحت اشراف طبي و متابعة للحالة العامة و مقياس سكر الدم. في حال قرر الطبيب المتخصص في علاج السمنة استخدام هذا العقار، في العادة يؤخذ على سبيل المحافظة على معدل طبيعي لسكر الدم، و يؤخذ مع او بعد الوجبة الدسمة مباشرة
55,انا رجل، ماهي اعراض نقص فيتامين ب وشكرا,"أعراض نقص فيتامين ب قد تشمل:

1. التعب والضعف
2. فقدان الشهية
3. تغييرات في الجهاز الهضمي مثل الإمساك
4. فقدان الوزن من دون سبب واضح
5. فقدان الذاكرة والصعوبة في التركيز
6. التهاب الفم أو اللسان
7. فقر الدم
8. خدر أو تنميل في الأطراف.

إذا كنت تعتقد أنك تعاني من نقص فيتامين ب، يجب عليك الاتصال بالطبيب. قد يقوم الطبيب بتحليل الدم لتحديد مستويات الفيتامينات في الجسم، وقد يوصي بتعديلات على النظام الغذائي أو المكملات الغذائية.

كل ذلك يجب أن يتم تحت إشراف الطبيب، لأن الزيادة في تناول الفيتامينات قد تؤدي إلى آثار جانبية غير مرغوب فيها. 
أيضا، يمكن تحسين مستوى فيتامين ب من خلال تناول الأطعمة الغنية به مثل اللحوم الحمراء، منتجات الألبان، البيض، الأسماك، والحبوب الكاملة. 

وكنتيجة، يجب الحفاظ على نظام غذائي متوازن وصحي يتضمن مجموعة متنوعة من الأطعمة.","عدة أنواع من فيتامين ب لذلك فإن أعراض النقص تعتمد على نوع فيتامين ب الناقص .
و مثال على ذلك ومن أهم أنواع ""فيتامين ب""، (فيتامين"" ب1"")، أو الثيامين، ويؤدي نقصه إلى مرض البري بري وهو ينتشر في الجهات التي تعتمد على الأرز بعد تبييضه، كما هو الحال في شرق آسيا، ومن أعراضه التهاب في الأعصاب يؤدي إلى شلل العضلات، وفقدان الحساسية، وهبوط القلب، وفقدان الشهية، وخلل في وظائف الجهاز الهضمي والحاجة اليومية له لا تتجاوز 1-2 مغم. والكميات الزائدة تسبب تسمماً.
(الفيتامين"" ب2"")، أو الريبوفلافين ويدخل في تركيب الإنظيمات التي تساعد الأكسدة في الخلايا، وأهم أعراض نقصه؛ إصابات الجلد وخصوصاً عند تلاقي الشفتين، واحتقان بياض العين والقرنية، وزيادة إفراز الدموع وعدم القدرة على مجابهة الضوء،
أما النياسين ب 3 نقصه يؤدي إلى مرض خلل الطعام، أو ""البلغرة"" وهو جزء من الفيتامين"" ب2"" ومسؤول عن صيانة وعمل الغشاء المخاطي.
و(الفيتامين ""ب12"")، أو السيانوكوبالامين، وقد تم فصل عدة أجزاء م فيتامين"" ب12"" لا تنسجم مع بعضها، والفيتامين أساسي لوظيفة نخاع العظم، في صناعة الخلايا الدموية، ويؤدي نقصه إلى فقر الدم الوبيل.
وحمض الفوليك وهو مادة بلورية صلبة، صفراء مضيئة، تذوب في الماء وتوجد في الكبد والأوراق الخضراء للنباتات وفي الخميرة، نقصه يؤدي الى الإصابة بفقر الدم وقلة الكريات البيضاء. وبذرة المحببات ويستعمل في علاج فقر الدم الوبيل وفقر الدم الغذائي، وفقر الدم كبير الخلايا في الرضع والحوامل. والبيريدوكسين، أو (الفيتامين"" ب6"") وهو مسحوق بلوري أبيض يذوب في الماء، يوجد في الخميرة، والكبد والحبوب، والخضار والحليب، نقصه في الغذاء يسبب أمراضاً جلدية في الفئران، وهو ضروري للتمثيل الغذائي للأحماض الأمينية. حمض البنتوتيتنك وحمض البارامينوبنزويك والبيوتين والكولين كلها من أعضاء"" مركب ب ""، ولها وظائف في التمثيل الغذائي للإنسان ما زالت موضع بحث."
56,"انا رجل
السؤال الاول/ماهي مدة مفعول منظم السكر ميتفور 500
السؤال الثاني/هل منظم السكر ميتفور 500 يسبب هبوط السكر
السؤال الثالث/لماذا يحصل معي هبوط متكرر للسكر رغم انني لا امنع نفسي من الحلويات","السؤال الأول: يعمل ميتفورمين (Metformin) عموماً بين 4 إلى 8 ساعات بعد تناوله، حاول أن تأخذ الجرعة في نفس الوقت كل يوم لتحقيق أفضل تأثير.

السؤال الثاني: ميتفورمين لا يسبب عادة هبوط السكر، ولكن في بعض الأحيان يمكن أن يحدث هبوط السكر خاصة عند الجمع مع بعض الأدوية الأخرى لعلاج السكري.

السؤال الثالث: قد يكون هبوط السكر المتكرر الذي تعاني منه نتيجة لنوع الطعام الذي تأكله، الجرعة الدوائية، التوقيت بين الوجبات والأدوية، أو التمارين الرياضية. حلويات تعطيك زيادة سريعة في مستويات السكر في الدم ولكنها تتبعها انخفاض سريع. حاول تناول وجبات خفيفة على فترات منتظمة أثناء النهار، واشرب الكثير من الماء وابق على تناول الأطعمة ذات الألياف العالية التي تساهم في استقرار مستوى السكر في الدم.
ملاحظة: من الأفضل أن تشاور الطبيب أو أخصائي الرعاية الصحية لغايات التعديلات المحتملة على الجرعات أو النظام الغذائي أو نمط الحياة.","خافضات السكر الفموية من الممكن أن تؤدي لهبوط سكر متكرر ,لذلك أي مريض يعالج فمويا بحاجة مراقبة في المستشفى من 24 -48 ساعة خوف تكرار حدوث النوبة وبعدها ممكن توصية المريض بالإهتمام بالغذاء ,بعكس من يعالج بالإنسولين الذي من الممكن ارساله فورا للمنزل بعد تنظيم وحدات الإنسولين"
57,السلام عليكم.. انا رجل، هل القرفة او (الدارسين ) يزيد او يخفض ضغط الدم ولكم الشكر الجزيل,وعليكم السلام، القرفة معروفة بخصائصها الصحية المتنوعة، بما في ذلك القدرة على تقليل ضغط الدم في بعض الأحيان. ولكن يجب تناولها بكميات معتدلة لأن القرفة الزائدة يمكن أن تؤدي إلى مشاكل صحية أخرى. إذا كنت تعاني من ارتفاع ضغط الدم، من الأفضل أن تتحدث مع الطبيب المعالج قبل إضافة القرفة أو أي مكمل غذائي آخر إلى نظامك الغذائي.,"تعمل القرفة (الدارسين) على خفض ضغط الدم المرتفع، ومن فوائد الدارسين للضغط أنه يساعد في السيطرة على مستويات كل من السكر المرتفع والكوليسترول العالي، وبالتالي تساعد في ضبط العوامل الأخرى المؤثرة على ضغط الدم المرتفع كما أنها تعمل على خفض ضغط الدم في مرضى السكري. ولكن يجب العلم أن القرفة أو الدراسين تحتاج إلى المزيد من الدراسات لإثبات تأثيرها على خفض ضغط الدم، ويجب عدم الاعتماد على القرفة لوحدها لخفض ضغط الدم وعند استخدام الدارسين للضغط للمساعدة على خفض الضغط المرتفع يجب مراعاة الأمور التالية:

إن القرفة ليست علاج بديل للعلاج الدوائي المستخدم لعلاج ارتفاع الضغط الذي يحدده الطبيب المختص، لذلك يجب الالتزام بالعلاج المحدد.

إن كمية القرفة التي يمكن استهلاكها يومياً يجب أن لا تزيد عن معلقة شاي صغيرة في اليوم لتجنب أي اثار جانبية غير مرغوبة.

إن تناول القرفة مع القهوة أو الشاي أو ضمن أطباق الحلويات لا يؤدي إلى خفض ضغط الدم.
تاثير الدارسين على الضغط لخفض ضغط الدم يحتاج الالتزام مدة من الزمن قد تصل إلى 8 أسابيع حتى يتم ملاحظة أي تأثير على الضغط.
للاستفادة من الدارسين والضغط يجب أن تكون إضافة القرفة إلى جانب اتباع نظام حياة صحي يشمل ممارسة الرياضة وتناول طعام صحي وتقليل التوتر من أجل خفض ضغط الدم.

وبذلك تكون خلاصة إجابة سؤال هل الدارسين يرفع الضغط أو هل الدارسين يرفع ضغط الدم بأنه لا يرفع الضغط وإنما يساعد على ضبطه في حال كان ضمن نظام غذائي صحي، واستهلكه بالكمية المقبولة، إلى جانب الالتزام بالعلاج الدوائي.

للمزيد:

الأغذية المناسبة لمرضى ضغط الدم
تأثير القهوة والشاي على ضغط الدم"
58,مرحبا ممكن سؤال ؟ انا امرأة بشرتي سمراء اريد كريم لتفتيح البشرة.,مرحبا، يفضل دائمًا تقبل واحتضان لون بشرتك الطبيعي، لكن إذا كنت ترغبين بتحسين بريق ونضارة بشرتك، هناك عديد من الكريمات التي تستهدف توحيد لون البشرة وتحسين مظهر البقع الداكنة. من الأفضل دائما استخدام كريمات طبيعية وأميرة من المواد الكيميائية القاسية التي قد تضر بالبشرة. يمكنك استشارة أخصائي الجلدية أو الصيدلي للحصول على توجيهات اكثر. وتذكري دائما أن مفتاح البشرة الصحية هو العناية اليومية بالبشرة والحماية من أشعة الشمس.,اهلا وسهلا .استعملي كريم يحتوي ألفا اربيوتين مع كوجك أسد مع حبوب كلوتاثيون.
59,سواد المنطقة الحساسة للفتاة نتيجة العادة السرية هل تزول؟ ما العلاج,"يجب أولاً العلم أن العادة السرية ليست مباشرة مرتبطة بتغير لون البشرة. السمرة أو التغير في لون الجلد في المناطق الحساسة قد يرجع لأسباب أخرى مثل مستوى هرمونات الجسم، التغييرات الهرمونية أثناء الدورة الشهرية، الحمل، أو التقدم في العمر.

في هذه الحالة، يمكن استخدام كريمات أو مستحضرات تبييض خاصة بالمناطق الحساسة، ولكن يجب استشارة الطبيب أو الصيدلي قبل ذلك. بالإضافة لذلك، الالتزام بنظافة المنطقة، وتجنب ارتداء الملابس الضيقة والقطنية يمكن أن يساعد. 

ولكن يجب أن نتذكر أن التغير في لون البشرة طبيعي وشائع ولا يوجد حاجة للقلق أو الشعور بالخجل بشأنه إلا إذا ترافق مع أعراض أخرى مثل الحكة أو الألم أو تغيير في النسيج. في هذه الحالة، يجب زيارة الطبيب.",لا علاقة العادة السرية بسواد المنطقة الحساسة كلها
60,انا رجل، ذهبت لطبيب جلد لعلاج حب الشباب وصفلي اقراص Zithromax كبسولتين يوميا ل3 ايام ثم 2كبسولة اسبوعيا و neutrogena 2 in 1 ثلاث مرات و effaclar duo كل ليلة مرة و محلول akne-mycin خمس مرات كلهم يوميا و اكرره لمدة شهر و لكنه لم يعطي نتيجة اريد علاج فعال و قوي,"من الواضح أنك تتعامل مع حالة شديدة من حب الشباب والعلاجات التي تم تجربتها لم تكن فعالة بالقدر المطلوب. لكن يجب أن أؤكد على أن العلاج الفعال لحب الشباب يتطلب الوقت والصبر. إذا لم تكن قد رأيت أي تحسن بعد شهر، ربما يكون من الجيد التواصل مع طبيبك مرة أخرى أو طلب رأي آخر من طبيب جلدية آخر.

هناك علاجات أخرى تشمل الإسوترتينوين (على سبيل المثال، Roaccutane)، والتي يمكن أن تكون فعالة لحب الشباب المتوسط ​​أو الشديد. إلا أنها قوية ويجب استخدامها تحت إشراف مباشر من الطبيب المعالج نظرًا للآثار الجانبية المحتملة.

الرعاية المنزلية أيضا مهمة، بما في ذلك تنظيف البشرة برفق كل يوم، لا تعصر أو تلمس البثور، وتجنب المنتجات الكيميائية القاسية التي يمكن أن تزيد من التهيج.

ولكن، لا يمكنني أن أصف لك أدوية قوية عبر الإنترنت. يتوجب عليك الاتصال بطبيبك أو البحث عن طبيب متخصص في الجلد لتقييم حالتك وتقديم العلاج المناسب بناءً على حالتك الصحية الخاصة.",هذا المضاد الحيوي من احد علاجات حب الشباب ولكن هناك علاجات اقوى تعتمد على شدة حب الشباب لذا لابد من الفحص السرير لتقييم شدة الحب وبناء عليه يتم تحديدي العلاج المناسب
61,"انا امرأة اعاني من مرض البهاق الطرفي جربت كثير من الادويه وحتى الاشعه ولم تفلح معي وبدا يزداد لدي ، وسمعت عن مرهم الاسم العلمي للكريم هو : (مونوبنزيل إيثر الهيدروكينون) ، واسمه التجاري : (بنكوين) كما أن للكريم ثلاثة تراكيز : 20% - 30% - 40%
وانا مترددة في استخدامه فما رايكم في هذا العلاج وهل له اضرار صحيه","المونوبنزون أو بنكوين هو علاج فعال لمرض البهاق، وقد تم استخدامه بشكل واسع. ولكن كأي علاج قوي، له بعض الآثار الجانبية التي يجب مراعاتها.

الآثار الجانبية الأكثر شيوعا تتضمن تهيج الجلد، الحكة، التورم، الألم في الموقع الذي تم تطبيق الكريم عليه، والتشققات في الجلد. في بعض الحالات، يمكن أن يسبب المونوبنزون حساسية شديدة للشمس، لذا من المهم دائما ارتداء واقي الشمس عند التعرض لأشعة الشمس.

الدراسات أيضا تشير إلى أن استخدام المونوبنزون على المدى الطويل قد يؤدي إلى تغييرات في لون الجلد المحيط. 

من الجدير بالذكر أن المونوبنزون يجب أن يُستخدم فقط تحت اشراف طبي مباشر، ولذا ينصح بمناقشة الخيارات العلاجية والأضرار المحتملة مع الطبيب قبل البدء في استخدامه.",بالنسبة لعلاج البهاق المنتشر والطرفي فهوتبييض الجزء السليم من البشرة وذلك عن طريق استخدام كريم الـmonobenzon أو ما يعرف بالبنكوين الكريم جدا امن ولم تثبت اي دراسة طبية إلى الان ان يكون لاستخدامه اي اثار جانبية ، كما ان درجة لون الجلد بعد التبييض طبيعية ومقبولة،يدهن به المنطقة المصابة مرتين صباحا ومساءا مع عدم التعرض لاشعة الشمس متوفر بجميع النسب 20 - 30 - 40 لا يستخدم إلا إذا كانت نسبة البهاق أكثر من 40% وفي جميع الحالات يجب مراجعة إختصاصي جلدية للإشراف والمتابعة
62,انا شاب ابلغ من العمر ٢٢ ولم يظهر لي شعر الذقن اريد معرفة السبب والعلاج لاني استخدمت بعض المستحضرات ولم تظهر اي نتيجه مع انني احلق منطقة الذقن كل يومن,"يمكن أن يكون نمو الشعر على الذقن بطيئًا أو غير كثيف بسبب عدة أسباب، بما في ذلك الوراثة، وكمية هرمون الذكور (التستوسترون) في الجسم، والصحة العامة. 

يمكنك اتباع هذه النصائح لتحسين نمو شعر لحيتك:

1. يجب عليك اتباع نظام غذائي صحي ومتوازن. مضاعفة استهلاك البروتين، الفيتامينات (كالبيوتين) والمعادن الأساسية (مثل الزنك). تساهم في تحفيز نمو الشعر.
2. ممارسة الرياضة بانتظام يمكن أن تزيد من مستويات الهرمونات الذكورية.
3. استعمل مستحضرات تحتوي على البيوتين أو الزنك، هذه المركبات تساعد في نمو الشعر.
4. استشر طبيب جلدية. في بعض الأحيان، قد يوجد مشاكل صحية معينة تحول دون نمو الشعر.
5. للحلاقة المستمرة، تأكد من استخدام مستحضرات مرطبة ومن الحلاقة بطريقة لطيفة لتجنب التهيج.

إذا لا تزال تواجه مشاكل، يجب استشارة الطبيب المختص لمناقشة الخيارات الممكنة.",هل ظهر لديك شعر في منطقة الابط ومنطقة العانه؟ ان كان كذلك فنتاخر الشعر في الذقن لا يستدعي القلق خصوصا انك لازلت صغير السن اما ان تاخر ظهور الشعر ايضا في المناطق المذكورة فانصحك بمراجعة الطبيب
63,انا امرأة - كيف اعرف التمزق واصل لجدار المهبل يوجد لدي تمزق ولكن لايصل لمكان اتصال الغشا الا بقليل والباقي الاطراف سليمه هل سانزف ليله الدخله,"أولاً، يجب أن أذكرك أن العذرية ليست قضية بدنية فحسب، بل هي أيضًا قضية نفسية وعاطفية. فيما يتعلق بتساؤلك، قد يكون هناك نزيف قليل في ليلة الدخلة وذلك يعتمد على كمية الأنسجة المتبقية من الغشاء. لكن لا يمكن التأكيد على هذا الأمر وسيكون الامر مختلف من شخص لآخر. كما أنه بالإمكان عدم حدوث أي نزيف في ليلة الدخلة.

أفضل نصيحة هي، التحدث مع طبيبك النسائي لفحص الموضوع وتقديم المشورة المناسبة. كل الأجسام تختلف ولا يوجد ""طبيعي"" واحد. استشارة محترف سوف يساعدك في الحصول على الرعاية الصحية الأفضل لجسمك.",ما دام الغشاء موجود فلا داعي للقلق، فشكله يختلف حسب الشخص، وكل الإمكانيات صحيحة، فتوكلي على الله!!
64,"انا رجل
-هل ينتقل الايدز عن طريق ملامسة العرق جرح
-هل ينتقل الايدز عن طريق مسك القضيب باليد وهى متعرقه وادت المداعبه باليد الا جرح بسيط فى القضيب
ارجو ان تكون الاجابه على السؤالين بينتقل او لا ينتقل ولا اريد الرد ب طرق انتقال المرض ارجو الاجابه على السؤالين","1. لا ينتقل فيروس نقص المناعة البشرية (HIV)، والذي يسبب المرض المعروف بالإيدز، عن طريق العرق. فيروس HIV ينتقل فقط عن طريق السوائل الجسدية المعدية، والتي تشمل الدم، السائل المنوي، السائل المهبلي، والأم الحليب.

2. بالنسبة إلى السؤال الثاني، إذا كانت اليد تحتوي على سوائل معدية (مثل الدم أو السائل المنوي) من شخص مصاب بفيروس الإيدز، وكان هناك جروح مفتوحة على القضيب، فهناك احتمال ضئيل لانتقال الفيروس. ولكن، الخطر غالبًا ما يكون محدودًا جدًا. إلا أن تجنب الإصابة بجروح واضحة وحفظ الجلد سليمًا يقلل من خطر الانتقال.

في كلا الحالتين، ينبغي دائمًا استخدام الوقاية إذا كنت تمارس الجنس أو تتعرض لسوائل جسدية أخرى من شخص قد يكون مصابًا بالإيدز.",ينتقل، ولكن لا بد من وجود ما ينتقل في البداية.
65,"هل العادة السرية تؤثر على جهاز المناعة ؟
انا رجل",لا يوجد أي أدلة علمية موثوقة تشير إلى أن العادة السرية يمكن أن تضرف جهاز المناعة. بالفعل، قد تكون وسيلة للتخفيف من التوتر والقلق، وقد تساعد في تحسين جودة النوم، كلها أشياء يمكن أن تساعد في الحفاظ على صحة الجهاز المناعي. ومع ذلك، الإفراط في العادة السرية قد يؤدي إلى الشعور بالذنب أو القلق، والتي يمكن أن تضرف الصحة النفسية. مع ذلك يتعين الإسهام الصحي في العادة السرية تقليل التردد إذا بدأت تشعر بأثار سلبية على صحتك النفسية أو الجسدية.,"لا يوجد إجابة ودراسات كافية تثبت تأثير العادة السرية على جهاز المناعة، ولكن تبين أن ممارسة العادة السرية والتحفيز الجنسي يؤدي إلى زيادة في نسبة المواد الكيميائية التي تعتبر جزء من جهاز المناعة وبالتالي تحسين عمل جهاز المناعة والتعزيز من مناعة الجسم خاصة من خلال زيادة عدد الخلايا الليمفاوية أحد مكونات جهاز المناعة الرئيسية. كما أن العادة السرية والاستنماء تؤدي إلى التقليل من التوتر، خفض ضغط الدم، التخفيف من الآلام، بالإضافة إلى إفراز العديد من الهرمونات ومنها:

الدوبامين وهو هرمون السعادة.
الاندورفين التي تساعد في التخلص من الألم والتوتر وتحسين المزاج.
الأوكسيتوسين وهو هرمون الحب.
التستوستيرون والذي يعمل على تحسين القدرة على التحمل والإثارة.
البرولاكتين الذي يحسن المزاج ويعمل على تعزيز المناعة.

للمزيد:

العادة السرية ما لها وما عليها
متى يعود الجسم لطبيعته بعد ترك العادة السرية؟

المرجع:

Does Masturbation Have Positive or Negative Effects on the Brain?
Does Masturbating Boost Your Immune System? We Asked a Doctor
Can masturbation boost your immune system?"
66,انا شاب عمري 21 سنة اعاني من الم وانتفاخ. وصخونه وعدم ارتياح في نصف الوجه الايمن. والم في الاذن. والان تطورت الحاله واصبح لا استطيع النوم على الجهه اليمنى. للوجه. والم عند تناول الطعام.,"يبدو أنك تعاني من الأعراض المرتبطة بالتهاب الأذن الوسطى أو التهاب الجيوب الأنفية. ينبغي أن تراجع المزيد من الرعاية الطبية بأقرب وقت ممكن. قد تحتاج إلى الأدوية المضادة للبكتيريا أو مسكنات الألم للمساعدة في تخفيف الأعراض. في هذه الأثناء، حاول تجنب التدخين أو التعرض للدخان السلبي، وقد يكون مفيداً استخدام جهاز تنقية الهواء في المنزل ، والحفاظ على ترطيب الأجواء. أيضا، تأكد من تناول الكثير من السوائل والخضراوات الغنية بالفيتامينات لمساعدة جسمك على مكافحة العدوى.
إذا استمرت الأعراض أو تفاقمت، يجب عليك الذهاب إلى الطبيب أو غرفة الطوارئ بأقرب وقت ممكن.",سلامتك.. اعتقد انه التهاب الفك..
67,انا رجل إخذت اللقاح وعندي ورم حميد في الثدي هل في مشكلة,ليس هناك مشكلة بشكل عام في تلقي اللقاح إذا كان لديك ورم ثدي حميد. ومع ذلك ، قد يتأثر جسمك مختلفاً عن الاشخاص الاخرين تجاه اللقاح. لذا من الأفضل أن تتحدث مع الطبيب الذي يتابع حالة الورم الحميد الخاص بك قبل أخذ اللقاح.,"لا يوجد علاقه
لا توجد مشكله"
68,انا امرأة أريد تنحيف منطقة الأرداف والمأخرة لأنها ممتلئة وباقي الجسم ممتاز فنصحوني بدهنهابثلاث مقادير من خل التفاح مع مقدرمن زيت الزيتوم كل يوم مع شرب كوب ماء به ملعقة طعام خل 3مرات يوميافهل هناك ضرر قبل شهر ضروري,"تخفيض الوزن بناءً على مناطق محددة من الجسم يعد أمرًا صعبًا جدًا وغير ممكن في الغالب. في الواقع، الجسم يفقد الوزن بشكل موحد من خلال التمارين البدنية والنظام الغذائي. 

حول خل التفاح وزيت الزيتون، من الصحيح أنهما يحتويان على العديد من الخصائص المفيدة فقد اظهرت بعض الدراسات أن خل التفاح قد يساعد على خفض مستويات السكر في الدم وزيادة الشعور بالشبع مما يمكن أن يؤدي إلى فقدان الوزن. بينما زيت الزيتون غني بالأحماض الدهنية غير المشبعة التي تساعد في الشعور بالشبع.

ولكن من المهم أن تتذكر أن الاستخدام المفرط لأي من هذه المواد يمكن أن يكون ضارة. لذلك، يجب عليك التأكد من استخدامهم بشكل معتدل ومتوازن مع نظام غذائي غني بالفواكه والخضروات والبروتينات الصحية والحبوب الكاملة.

بناءً على هذا، أنصحك بالمزج بين النظام الغذائي الصحي وممارسة التمارين الرياضية، وخاصة التمارين التي تستهدف الأرداف والفخذين لتحقيق الشكل المطلوب. الراحة والنوم الجيد هما أيضا جزء هام في عملية فقدان الوزن. 

وأخيراً، يجب التحدث مع طبيب أو اخصائي تغذية قبل البدء في أي نظام غذائي أو برنامج لفقدان الوزن جديد.",إذا كانت معدتك سليمة ولا يوجد فيها قرحة أو التهاب فلا يوجد ضرر من تناول الخل ومع ذلك راقبي نفسك أثناء تناول الدواء فإذا شعرت بأي علامة مثل حموضة الحلق أو ارتجاع مريئي او ألم فتوقفي فورا عن تناول الدواء
69,"انا امرأة حامل في الاسبوع 18طول عنق الرحم لدي 3,22هل انا بحاجة لعملية ربط عنق الرحم",عملية ربط عنق الرحم تجرى عادة للنساء الحوامل اللواتي يعانين من عنق رحم قصير جدا، مما يزيد احتمالية الولادة المبكرة. يتم النظر عادة إلى طول عنق الرحم أقل من 2.5 سم كقصير. طول عنق رحمك الحالي يبدو ضمن النطاق الطبيعي. لذا، من الغير محتمل أن تحتاجي إلى عملية ربط عنق الرحم. ولكن دائما من الأفضل التحدث والاستماع لرأي طبيبك النسائي، حيث يمكنه مراجعة تاريخك الصحي الشخصي والتطورات الحالية في حملك.,ليس بالضروره لان طول عنق الرحم عندك ضمن العادي ولكن ھذا يعتمد على تاريخ الولادات السابقة وھل لديك اجھاضات في النصف الثاني من الحمل
70,لماذا يمنع تناول الكالسيوم فى الشهور الاولى من الحمل,"تناول الكالسيوم خلال الشهور الأولى من الحمل غير محظور وهو مهم لنمو الجنين. الكالسيوم يساعد في تطوير العظام والأسنان والقلب والأعصاب والعضلات لدى الجنين. فالمرأة الحامل يجب أن تحرص على الحصول على ما لا يقل عن 1,000 ملغ من الكالسيوم يوميا.

لكن، في بعض الحالات، يمكن أن يكون للكالسيوم تأثيرات جانبية. مثلا، إذا تم تناوله بكميات كبيرة، قد يتداخل مع امتصاص الحديد والزنك، وهما مهمان أيضاً لصحة الحمل. 

فيما يتعلق بالمكملات الغذائية، من الأفضل دائماً التحدث مع الطبيب أو الممرضة قبل بداية تناولها. وهذا ينطبق على جميع النساء الحوامل، سواء كن في الشهور الأولى من الحمل أو لا.",لايمنع لكن يفضل تاجيله للشهر الرابع خوفا من ان يزيد اعراض الغثيان في اول الحمل سوءا.
71,انا رجل، مارست الجنس قبل اسبوعان ( مفعول بي) والان اشعر بحكه في فتحت الشرج ولا تهدأ حتى اقوم بادخال اصبعي واقوم بفركها ماهو سببها يادكتور وهل تزول ام لا ؟؟,من الواضح أنك تعاني من حالة ما قد يكون ناتج عن التهاب، البواسير، أو حتى شيء أكثر جدية مثل الديدان. من الأفضل إجراء فحص طبي لتحديد السبب. قد يكون الحكة أيضاً ناتجة عما يسمى بالديدان، الذي ينتقل أحياناً نتيجة الجنس الشرجي. أما إذا كنت تعاني من الألم أو النزيف، فقد يكون السبب البواسير أو شيء أيضا قد يكون أكثر جدية. التهاب الشرج أو التشققات الشرجية قد تسبب حكة أيضا. أيضا من المهم تذكر دائما تجنب التقشير أو التحريك بقوة، حيث قد يسبب ذلك الضرر أو يزيد من الالتهاب. لتحسين الأمور، حاول دائما الحفاظ على نظافة تلك المنطقة والابتعاد عن الأطعمة المليئة بالتوابل والكافيين التي قد تزيد من الحكة. وعدم الخدش مهم أيضا للحد من الالتهاب. ومع ذلك، من الضروري التواصل مع الطبيب لتشخيص دقيق وخطة علاجية مناسبة.,السبب في الغالب ترسع العضلات وانقباضها مرة أخرى لوضعها الأصلي، يمكن استعمال مرهم مخدر لتخفيف الحكة.
72,انا شاب عمري 20 سنة، انا اعاني من ادمان العادة السريه بمعدل مرتين او ثلاث بليوم ارجو المساعدة لانها اثرت سلبيا على حياتي فانا اعاني من النسيان وعدم التركيز والخمول الدائم للملاحضة ابلغ من العمر 19,"الأولى والأكثر أهمية هي أن تفهم أن العادة السرية هي أمر طبيعي ومشترك بين الكثيرين. ولكن، المشكلة تكون عندما تؤثر على نوعية حياتك.

هنا هي بعض الخطوات التي يمكنك اتباعها:

1. طلب المساعدة: يمكنك التحدث مع محترف الصحة النفسية، مثل الطبيب النفسي أو المستشار النفسي، الذين يمكنهم مساعدتك في تحسين فهمك للوضع وتقديم الأدوات والاستراتيجيات للمساعدة.

2. النشاط البدني: ممارسة الرياضة يمكن أن يساعد في تحسين تركيزك ومزاجك ويقلل من الشعور بالتوتر والقلق.

3. تحسين عادات النوم: الحرص على الحصول على قسط كاف من النوم يمكن أن يساعد في الحفاظ على صحتك العقلية وتحسين التركيز والذاكرة.

4. التغذية الصحية: تناول الأطعمة الصحية يمكن أن يساعد في زيادة طاقتك وتركيزك.

5. الاعتدال: حاول القليل من التقليل تدريجياً، ولا تحاول التوقف فجأة. ركز على الجوانب الإيجابية في حياتك.

6. الانضمام إلى مجموعة دعم: التحدث مع الآخرين الذين يعانون من نفس المشكلة يمكن أن يساعد في التعامل مع الشعور بالوحدة والعزلة.

تذكر، يمكنك السيطرة على الوضع. لا تتردد في طلب المساعدة. العلاج النفسي و/أو الدواء يمكن كلاهما أيضا أن يكون خياراً مفيداً. إذا كنت تشعر بأنها تؤثر على حياتك بشكل كبير، يرجى التحدث مع الطبيب النفسي أو المستشار النفسي.",الحل الأولي هو وقف العادج السرية أو البدء بتقليلها إذا لم تكن قادراً ، ثم تبدأ باستعادة لياقتك البدنية بممارسة الرياضة والتغذية المتوازنة، وستتحسن بالتدريج.
73,يادكتور انا شاب عمري 18 سنة، تعرضت لاعتداء قبل حدود السبع سنين سويت فحصvdrlقريت في المواقع الاجنبيه انو الفحص هذا غير موثوق في سؤالي هوه هل يحتاج اسوي فحصtphaاو اي نوع من انواع الفحص تنصحني,من الأفضل أن تتحدث مع الطبيب المعالج حول هذا الأمر. غالباً ما يستخدم فحص الـ VDRL لكشف السيلان، وهو نوع من أمراض الانتقال الجنسي. إذا كنت لا تثق بنتائج الفحص، فقد ترغب في التحدث مع طبيبك حول إجراء فحص TP-PA (Treponema pallidum particle agglutination assay). وهو فحص آخر يستخدم للكشف عن السيلان ، وقد يوفر نتائج أكثر دقة في بعض الحالات. النقطة الأهم هنا هو الحديث مع الطبيب المعالج والتأكد من الحصول على الفحوصات الطبية اللازمة وفقاً لظروفك الصحية الخاصة.,اختبار الأجسام المضادة الفلورية المباشرة لـ T pallidum (الجرثومة المسببة)، إنه الاختبار الأكثر تحديدًا لتشخيص مرض الزهري عند وجود آفات.
74,"انا رجل
علاج ضعف النظر الناتج عن العادة السرية علما بأن ممارسة العاده 6 سنوات وما مدة العلاج.....وشكراا",أولا، لا يوجد أي صلة علمية مباشرة بين ممارسة العادة السرية وضعف النظر. لذا، إذا كان لديك مشكلات في الرؤية، فمن الأفضل أن تراجع طبيب عيون للفحص. ولا تنسى أن العادة السرية، كما هو الحال مع أي نشاط آخر، يُفضل أن تكون في الحدود الطبيعية. إذا كانت تتسبب في إلحاح ذهني أو تؤثر سلبًا على حياتك اليومية، فقد يكون من الجيد التحدث إلى طبيب نفسي.,"عليك وقف العادة السرية، وتحسين لياقتك البدنية بممارسة الرياضة اليومية والتغذية المتوازنة وتناول المكسرات والعسل وعسل الملكات، وهذه لائحة بالأطعمة التى تساعد على التخلص من الضعف الجنسى مثل: الثوم، البصل، القمح، الموز،الزنجبيل، حبة البركة، التمر، الحلبة، الحمص، العدس، بذر الكتان، الكاكاو، الزعفران، جوز الطيب، القرنفل، العود، الكرفس، الشبت، التوت، الأسماك الدهنية ، التفاح. وستتحسن بالتدريج
راجع طبيب عيون!! لتقييم الحالة."
75,"انا امرأة
الاغتسال مباشرة بعد الجماع هل يقلل احتمال حدوت الحمل ؟ واذا كان كذالك كم من الوقت يجب الانتظار بدون اغتسال بعد المجامعة ؟",لا يقلل الاغتسال مباشرة بعد الجماع احتمال حدوث الحمل. بعد الجماع، يسبح الحيوانات المنوية بكفاءة اتجاه الرحم ويبدأ هذا العمل بمجرد القذف ولا يتأثر بالاغتسال أو الاستحمام. إذا كنت تحاولين منع الحمل، من الأفضل استخدام طرق أكثر فعالية للتحكم في النسل مثل الواقي الذكري أو الحبوب الخاصة بتنظيم الحمل. وإذا كان هناك أي شك، يفضل التحدث مع طبيب أو استشاري صحة النساء.,نصف ساعة إلى ساعة!! ما تستعجلي!
76,"انا رجل
هل هناك علاج لتكبير العضو الذكري بشكل طبيعي","قد يكون هناك العديد من الرواج على الإنترنت حول المنتجات التي تزعم أنها تمكن من تكبير العضو الذكري، ولكن الحقيقة هي أن معظمها ليس لديه أي أدلة علمية تؤكد هذه المزاعم. في الواقع، قد يكون لبعض هذه المنتجات آثار جانبية ضارة.

الوسائل الطبيعية التي قد تساعد في ""تكبير"" العضو الذكري تشمل التمارين الضاغطة، وهي تحتاج إلى أن تؤدي بشكل منتظم وبشكل صحيح لتلاحظ أي فرق. إلا أن الحجم الطبيعي للقضيب هو عادة ما يكون بما فيه الكفاية لأداء الجماع بشكل ملائم.

الجانب النفسي أيضا له دور هام، هناك رجال كثيرون يعتقدون أن عضوهم الذكري أصغر مما ينبغي على الرغم من أن حجمهم طبيعي، وقد يحتاجون إلى الاستعانة بمحترف الصحة النفسية.

نصيحتي في هذه المسألة هي أن تتحدث مع طبيبك. يمكن للطبيب أن يقدم نصائح مهنية وموثوقة ويوجهك نحو الطرق الأمنة والحقيقية - إذا كانت موجودة - لتحسين الحجم.",للأسف لا يوجد طريقة لا نباتية ولا صناعية لتكبير القضيب.
77,انا رجل عمري 26 سنة، قمت بممارسة الجنس مرة واحدة مع شريك واحد غير امن بطريقة غير امنة بالايلاج في بعض الاحيان بدون واقي لم ادري خطورة الوضع حتا تم تنبيهي من طرف بعض الاصدقاء هل بامكاني عمل تحاليل الامراض المنتقلة جنسيا بعد فقط اربعة ايام من ممارسة الجنس وهل ستكون النتائج فعالة في الكشف عن الامراض الخطيرة قلق للغاية...,أفهم مخاوفك، وأشكرك على البوح بها. يمكنك بالفعل إجراء اختبارات للأمراض المنقولة جنسيا بعد ممارسة الجنس غير الآمنة. لكن، يجب أن تعي أن بعض الاختبارات قد لا تكون طبيعية أو دقيقة بعد أيام قليلة فقط. على سبيل المثال، يستغرق الكشف عن فيروس الإيدز عادة بضعة أسابيع حتى يصبح مرئيا. على الرغم من ذلك، يعتبر الاختبار أسبوع بعد الجنس غير الآمن خطوة مهمة، حيث يمكن أن يكتشف بعض الأمراض أو العدوى الأخرى. بخصوص القلق الذي تعيشه، أنا أشجعك على التحدث مع طبيب أو معالج. تذكر دائما أن ممارسة الجنس الآمن ضرورية لحمايتك وحماية شريكك.,المدة النافذة للأمراض الجنسية تختلف من مرض لآخر ، ويمكنك مراجعة اختصاصي أمراض جلدية لمتابعة الموضوع، والاطمئنان وإذا حصلت أعراض غزيبة راجع طبيبك فوراً
78,السلام عليكم، انا رجل، في هذه المرحلة أبلغ 22 سنة كيف يمكن أن أقطع عن نفسي هذه الامور (اضعاف الرغبة الجنسية لغير المتزوجين) من ناحية التفكير فيها وهل يوجد دواء يباع عند الصيادلة ‘ يمكنني من إضعاف هذا الامر إلى حين ييسر الله الزواج لي . وشكرا..,وعليكم السلام، نود أن نوضح أن الدواء ليس الحل لهذه المشكلة. الرغبة الجنسية هي جزء طبيعي من صحتنا والتوازن الهرموني لدينا. التفكير في الجنس ليس شيئًا سيئًا أو غير صحي، وآمل أن لا تشعر بالذنب بسبب هذه الرغبات الطبيعية. بدلاً من ذلك، يمكنك التركيز على توجيه هذه الطاقة نحو أشياء أكثر إنتاجية. الرياضة هي وسيلة جيدة لتحويل هذه الطاقة الجنسية نحو نشاط مفيد وصحي. كما يمكنك أيضًا التركيز على تطوير مهاراتك وتعلم أشياء جديدة. باختصار، عليك التعامل مع هذه الرغبة بطريقة صحية بدلاً من محاولة قمعها. إذا واجهت صعوبة في التعامل مع هذه الأمور، من الجيد الحديث مع أخصائي الصحة النفسية.,بدون أدوية فلا يوجد دواء بدون مضاعفات جانبية، ينصح بممارسة هوايات تشغل وقتك مثل الرياضة المطالعة والاندماج مع الأصدقاء والاهتمام بمستقبلك!!!
79,انا رجل عمري 34 سنة، عندي ضعف في الانتصاب زرت طبيب اعطاني تحاليل النتيجة : التستستيرون 18.11 بينما البرولاكتين 16.30 uIU/ml حيث قال لي أثناء الفحص أنه يجب حصر المشكل فإن كان مشكل هرموني فسوف يعالج بالدواء وان لم يكن كذلك فوجب عمل سكانير للعضو الذكري . هل المشكل هرموني وهل يوجد علاج نهائي بدون تبعات جانبية!؟؟,استنادًا إلى القيم التي قدمتها، يظهر أن مستويات التستوستيرون والبرولاكتين ضمن النطاق الطبيعي وبالتالي قد لا يكون المشكل هرموني. لكنك تحتاج إلى متابعة التشخيص مع طبيبك باستخدام التقنيات الأخرى التي اقترحها، مثل السكانير. علاج ضعف الانتصاب يعتمد على السبب الكامن وراءه وقد يكون بواسطة الأدوية، الحقن، الأجهزة الطبية، أو الجراحة في بعض الحالات. تحدث مع طبيبك لتحديد أفضل خيار لك. تذكر أن كل علاج يمكن أن يكون له آثار جانبية، لذا من الأفضل أن تكون على دراية بها قبل اتخاذ القرار. أيضا إن التغييرات في نمط الحياة مثل التغذية السليمة، الرياضة، وتقليل التوتر يمكن أن تساعد كثيرا في تحسين هذه القضية.,الهرمونات عادية بل التستوستيرون مرتفع!!! لذلك مارس الرياضة وتغلب على مشاكلك النفسية
80,"انا امرأة
عندما تكون فتحة المهبل دائرية واسعة يعني اني لست عذراء رغم اني لم اخذ علاقة من قبل ولا امارس العادة السرية",قد تكون الأسباب المؤدية إلى توسع فتحة المهبل متنوعة ولا تشير بالضرورة إلى فقد العذرية. يمكن أن يكون التوسع نتيجة للرياضة الشاقة، استخدام الضمادات الصحية أو القمل، أو نشاطات أخرى غير جنسية. العذرية ليست قياسًا لتضيق أو توسع فتحة المهبل؛ إنها تعني عدم الخوض في الجماع. إذا كنت قلقة بشأن صحتك الجنسية، من الأفضل أن تتحدث مع طبيب أو طبيبة نسائية محترفة لإجراء فحص طبي وللحصول على معلومات صحيحة ودقيقة. تذكري، العذرية الحقيقية هي شيء شخصي ويتعلق بالخيارات الجنسية الخاصة بك، لا تشكلها أو تحددها الظروف الجسدية.,ليس بالضرورة، فشكل الأعضاء التناسلية يختلف من شخص لآخر، راجع اختصاصي نسائية لتقييم الحالة.
81,انا شاب عمري ١٨ مارست الجنس الشرجي عدة مرات، كنت صغير وتركتها منذ ثلاث سنوات ولااعاني من اعراض او الم فهل يوجد امراض او انها مع الوقت تذهب ارجو الرد,من الأفضل أن تقوم بزيارة الطبيب لإجراء الفحوصات الروتينية والتحقق من صحتك، خاصة إذا كنت قد مارست الجنس بدون الحماية. بالرغم من عدم وجود أعراض حاليا، بعض الأمراض المنقولة جنسيا قد لا تظهر أعراضها حتى بعد سنوات. إذا كانت هناك تجارب أخرى من الجنس بدون حماية، يمكن أن يكون هناك خطر أكبر. إذا شعرت بالقلق حول ممارسات الجنس السابقة وصحتك الحالية، الرجاء التحدث إلى الطبيب حتى يمكنك التحقق من أي مخاطر صحية محتملة وبدء العلاج المناسب إذا كان ضروريًا.,العضلات ترجع لحالها مع الوقت، ويمكن ممارسة تمارين كيغل لتقويةوعضلات الحوض لتضييق الفتحة.
82,انا فتاة عمري 17 سنة، عندي صداع شديد و مستمر اكلت بنادول بس الى الان مستمر مع الم خلف الأذن مع احتقان الأنف بدون رشح وألم شديد في الأذن اليمنى ونغزات في صدر,على الرغم من أنني مساعد طبي رقمي، يبدو أن أعراضك تشير إلى أنك قد تعاني من التهاب الأذن الوسطى أو الجيوب الأنفية، ولكن يمكنك اتخاذ بعض الإجراءات الأولية مثل الضغط الدافئ على الأذن المؤلمة وشرب الكثير من السوائل. لكن من الأفضل أن تراجع طبيبك العام أو أخصائي الأنف والأذن والحنجرة في أقرب وقت ممكن للحصول على تشخيص دقيق وعلاج مناسب لأن تلك الأعراض قد تكون جزءًا من حالة أكثر خطورة مثل التهاب الأذن الوسطى أو عدوى بكتيرية في الجيوب الأنفية. الرجاء عدم تناول البنادول أكثر من الجرعة المسموحة وفقا للتعليمات.,"الاخت الكريمة ..
اسباب الصداع كثيرة منها :
الشقيقة او الصداع النصفي
التهاب الجيوب الانفية
مشاكل في الرؤية
ارتفاع ضغط الدم
من المرجح في حالتكي انه التهاب في الاذن الوسطى و الجيوب الانفيه لذلك ، من الافضل مراجعة طبيب الاذن و الانف و الحنجرة للفحص السريري و فحص الاذن و وضع التشخيص المناسب لها ."
83,"انا امرأة عمري 39 سنة
كتمه والم في الصدر وتعرق اكل مجموعه من الفيتامينات من ضمنها فيتامين دال وكالسيوم ولا اعلم هل الاعراض من من هذه الفيتامينات او لا وعندي قولون",الألم في الصدر والتعرق ليسا عادة من أعراض الجرعة الزائدة من فيتامين د والكالسيوم، ولكن يمكن أن تشير إلى حالة طبية خطيرة مثل اضطراب القلب. من الأفضل أنت تتواصلي مع الطبيب فوراً. بالنسبة إلى القولون، أعراض مشاكل القولون قد تتضمن الإمساك، الإسهال، الغازات، أو الألم البطني. مراجعة الطبيب أيضاً ستكون مهمة لتقييم حالتك وتقديم العلاج المناسب.,"الالم بالصدر يحتاج رسم قلب الفيتامينات لا علاقه لها بالاعراض
الاعراض تستدعى الطوارئ"
84,سلام عليكم، انا امرأة عمري 27 سنة، نسبه الكالسيوم عندي 4.85 هل هو نازل ولا زين,وعليكم السلام، نسبة الكالسيوم الطبيعية في الدم تتراوح بين 8.5 و 10.2 مليغرام/ديسيلتر. وحسب الرقم الذي ذكرتي، يبدو أن نسبة الكالسيوم في دمك منخفضة. الكالسيوم من العناصر الهامة لعمل الجسم بشكل صحيح، ونقصه يمكن أن يؤدي لمشاكل صحية متعددة. أنصح بمراجعة الطبيب لتأكيد القراءات وتقديم النصائح والعلاج اللازم. قد يكون الحل بسيطاً مثل تغيير النظام الغذائي أو تناول المكملات الغذائية.,نازل كثير
85,انا رجل عمري 41 سنة، عملت تحليل bcr وطلعلي igg ايجابي igm ايجابي هل انا مصاب دكتور,"النتائج التي ذكرتها تشير إلى وجود الأجسام المضادة IgG و IgM في دمك. هذه الأجسام المضادة تنتج عادة كرد فعل للجسم على العدوى. ومع ذلك، لا يمكن تأكيد التشخيص فقط من خلال هذه النتائج. ستحتاج إلى المزيد من الاختبارات ضمن خطة تشخيصية شاملة. يجب أن تتحدث مع طبيبك للحصول على معلومات أكثر دقة بناءً على إجمالي الصورة السريرية.

تذكر دائماً أنه لا يمكن تشخيص أي مرض عبر الإنترنت، ونصيحتي هي استشارة الطبيب المعالج والثقة فيه.",احتاج لمعرفه تفاصيل اكثر هل لديم اعراض الان ام لا ومنذ متي بدات ان وجدت ..وهل تتناول اي ادويه لاي مرض مزمن ام لا ...عند تحليل البي سي ار وكانت نتيجه ايجابيه هذا يوكد وجود جينوم فيروس كوفيد المستجد لديكم ولكن وجود اعراض هو الامر الحاسم ...ان وجدت اعراض عليك بالتزام فتره الحجر ااصحي خمسه عشر يوما من تاريخ الاصابه والتزام طرق الوقايه جيدا ..لبس الكمامات وكحول سبعون بالميه للتطهير ومسافه لا تقل عن متر بين الاشخاص ...وعليك تناول مقويات المناعة اقراص الروتاسي ثلاثه مرات يوميا واقراص الاميولانت مره يوميا بعد الغداء وحسب ظهور الاعراض يكون تلقي العلاج
86,انا امرأة، معايا ضيق تنفس يجي من فترة لفترة ودوخة وشوية غثيان وماني عارفه اشبي كل شوي احس ب وجع فيا,يبدو أنك تعانين من أعراض قد تكون خطيرة. يمكن أن يشير ضيق التنفس المتكرر والدوخة والغثيان إلى قلة الأوكسجين التي تصل إلى الدماغ أو مشاكل في القلب. يجب عليك مراجعة الطبيب على الفور للحصول على تشخيص دقيق والبدء في العلاج المناسب في أسرع وقت ممكن. قد تحتاجين إلى إجراء تحليل لوظائف القلب والرئة. لا تتجاهلي هذه الأعراض وقدمي إلى المستشفى في أقرب وقت.,"وعليكم السلام ورحمة الله
الأخت الفاضلة ماتعانيه يحتاج للفحص الطبي وعمل الفحوصات اللازمة لأن المسببات لهذه الأعراض كثيرة وتحتاج للفحص وأخذ التاريخ المرضي جيدا لدى طبيب الباطنية"
87,انا رجل عمري 32 سنة، اصبت ب فايروس كورونا قمت بالفحص بتاريخ ٣/١١ بسبب مخالطة مصاب وظهور اعراض وكانت النتيجة ايجابية اتممت فترة الحجر وقمت باعادة الفحص بتاريخ ٣/٢٣ وكانت النتيجة سلبية ما زلت اشعر بحرارة وطعم غير مستساغ في الحلق وخروج بلغم احيانا هل ممكن ان اكون معدي,على الرغم من أنك تلقيت نتيجة تبين أنك لست مصابًا بفيروس كورونا، إلا أن بعض الأعراض التي تشعر بها يمكن أن تكون ناتجة عن التعافي من الفيروس. أو بصفة عامة، يمكن أن يكون لديك نزلة برد أو إنفلونزا. يبقى الأمر يتوقف على مدى شدة الأعراض وكيفية تطورها. يجب أن تتحدث مع طبيبك أو أخصائي الرعاية الصحية لديك إذا استمرت الأعراض أو تفاقمت. فيما يتعلق بكونك معديًا، من الممكن أن تكون معديًا حتى بعد تعافيك من الفيروس، كما أن هناك العديد من العوامل التي يجب مراعاتها، بما في ذلك نوع الفحص الذي أجريته ومتى أُجريت الاختبارات. بصفة عامة، يجب أن تواصل تطبيق التدابير الوقائية، بما في ذلك ارتداء الكمامة، والحفاظ على التباعد الاجتماعي، وغسل اليدين بالصابون والماء لمدة 20 ثانية على الأقل بشكل متكرر.,يفضل عمل اشعة مقطعية على الصدر وقياس درجة الحرارة للتأكد من ارتفاعها من عدمه لانه طالما استمرت الاعراض وخاصة الحرارة يجب استمرار العزل .
88,انا امرأة عمري 59 سنة، منذ ٥ ايام خالطت شخص تبين بعد انه مصاب بالسلالة الجديدة.هل سرعة انتشار الفيروس تعني كذلك انه في حال العدوى تظهر الاعراض بسرعة ؟ الحمد لله لا اشكو من اي اعراض للان، متى افحص؟,أولاً، تأكدي من تقيدك بالإجراءات الوقائية مثل ارتداء الكمامة والتباعد الاجتماعي في حال خالطت شخص مصاب. بالنسبة للفحص، ينصح بإجراء اختبار كورونا بعد حوالي 5-7 أيام من تاريخ التعرض المحتمل. إذا لم تظهر أية أعراض، يمكن إجراء اختبار الفيروس بعد هذه الفترة. تذكر، حتى لو كانت نتائج الفحص سلبية، يجب الحفاظ على العزل الذاتي لمدة 14 يوماً من تاريخ التعرض. من ناحية أخرى، إذا بدأت تشعر بأي من أعراض كوفيد-19 مثل الحمى، السعال، فقدان الشم أو الذوق، أو صعوبة في التنفس، يجب عليك الاتصال بالمشفى أو مقدم الرعاية الصحية الخاص بك فورا.,ظهور الاعراض قد يأخد من يوم الى ١٤ يوم لكن يجب الاهتمام هذه الفترة بالتغذية السليمة و شرب المياه والسوائل الدافئة
89,انا امرأة عندي خراج في الضرس وسبب الم ووجع وانا مااقدر اطلع بسبب الحضر ايش ممكن اخذ دواء يخفف الالم,يمكنك استخدام مسكنات الألم، مثل الباراسيتامول أو الإيبوبروفين، إذا لم تكن لديك حساسية تجاه هذه الأدوية. ولكن احرصي على اتباع الجرعة الموصى بها. كما يمكنك شطف فمك بمحلول ماء وملح دافئ، قد يساعد في تخفيف الالتهاب والالم. وأخيراً، من الأهمية بمكان أن تتصلي بطبيب الأسنان الخاص بك على الفور حتى يمكنك تلقي العلاج اللازم. اذا تفاقم الالم فالرجاء التوجه لأقرب طبيب او عيادة بغض النظر عن الحظر.,يمكنك تناول هذه الأدوية مضاد حيوي ( اوجمانتن ١ جم) كل ١٢ ساعة و (فلاچيل ٥٠٠ مج) كل ١٢ ساعة و (كتافلام ٥٠ مج) عند اللزوم ولكن الأفضل الكشف ومراجعة طبيبك بأقرب فرصة لتقييم الحالة
90,انا رجل عمري 27 سنة، خلعت جذور لضرس متبقي عندي عندما شفي اللحم لا زال هنالك الم شديد و فراغ صغير جدا بين اللحم و الضرس الآخر عندما آكل و يسكر الفراغ يذهب الألم بعد ايام يصيبني الم عندما يفرغ الفراغ من الطعام ما الحل؟ شكرآ,بناءً على الأعراض التي ذكرت، يمكن أن يكون لديك عدوى نشأت بعد عملية الخلع أو حدث التهاب في المنطقة. وعلى الرغم من أن الألم طبيعي بعد خلع الأسنان، إلا أن الألم الشديد ينبغي أن يستوجب العناية الفورية. يجب عليك التواصل مع طبيب الأسنان الخاص بك أو تحديد موعد للفحص. إذا كانت العدوى هي السبب، قد يصف لك طبيب الأسنان المضادات الحيوية. وفي بعض الحالات، قد يحتاج الطبيب إلى إعادة فتح الموقع وتنظيفه. في الوقت الحاضر، استمر في تنظيف فمك بانتظام، خصوصاً بعد الأكل، وجرب استخدام مضمضة ملح وماء دافئ للمساعدة في تخفيف الألم.,يجب مراجعة الطبيب للكشف على المنطقة و عمل اللازم
91,انا رجل اعاني من ألم في اللسة بسبب درس عقل لم داخل اللسة وظهر اليوم عرض جديد هو تنميل في الجزء الايمن من الشفاه السفلية,يبدو أنك تعاني من التهابات ناتجة عن ضرس العقل. قد يكون هناك التهاب أو مشكلة في الأعصاب بسبب الرض التي تسببها ضغط ضرس العقل على الأنسجة المحيطة به. أنصحك بزيارة الطبيب للحصول على فحص عاجل، قد يكون من الضروري معالجة ضرس العقل أو حتى إزالته في بعض الحالات. يمكنك أيضا تناول مسكن ألم مؤقت حتى يمكنك رؤية الطبيب. لا تتناول الأطعمة الساخنة أو الباردة جدا وحاول تنظيف الفم بعناية.,لتقييم ضرس العقل نحتاج الي اشعة بانوراما لتقييم وضعه وهل هو ملامس للقناة العصبية الموجودة في الفك السفلي والتي تغذي الاسنان واللثة والشفة في نفس الجانب .. ويعد تقييم الوضع اذا كان ملامس او قريب ستحتاج الي اشعة مقطعية لتحديد مكانه بالظبط ومن ثم المتابعة مع اخصائي جراحة للقيام بالخلع باقل المضاعفات
92,السلام عليكم بنتي عمرها 9سنوات وعندها تبول لاارادي ليلي اعطيتها دوا منيرين باستشارة الطبيب وفي الشهر السادس عندما بدات ادرج قطع الدواء باعطائها يوم ويوم لا في اليوم الي ماتاخذ فيه الحبه تتبول فما الحل؟,"وعليكم السلام. التبول اللاارادي الليلي (البلل الليلي للسرير) قد يكون مشكلة شائعة للأطفال في العديد من الأوقات، ومن الممكن أن يكون ناتج عن مشكلات عضوية أو نفسية. يعد دواء المينيرين (ديسموبريسين) واحداً من الأدوية المفيدة في هذا السياق ولكن قد يكون هنالك احتياج لتنظير الجرعة أو الجدول الزمني.

أولا، يجب أن تتأكدي أن بنتك لا تتناول الكثير من السوائل قبل النوم، كما يجب أن تذهب للحمام قبل النوم، قد يعتبر هذا مفيداً.

ثانيا، قد يكون من المفيد تحفيز أو تشجيع بنتك على الاستيقاظ للذهاب للحمام خلال الليل، بمساعدة أنظمة الإنذار الرطبة أو الساعات الهزازة.

من الجدير بالذكر أن المشكلة قد تستغرق بعض الوقت للحل، لذلك يجب عليك أن تبقي الصبر الطبيب والرأفة ببنتك خلال هذه الفترة. من الضروري أيضاً أن تستعين بالطبيب المعالج لمراقبة الحالة ويمكن تعديل الجرعة عند الحاجة أو استخدام أساليب العلاج البديلة.

نذكر أيضاً أن الاستمرار في العلاج الدوائي يجب أن يستمر حتى بعد تحسن الطفل، حيث يجب تقليل الجرعة بشكل تدريجي وليس بشكل مفاجئ. تأكدي من مناقشة جميع هذه القضايا مع الطبيب المعالج قبل تغيير أي جزء من خطة العلاج.",فى هذه الحاله مراجعه اخصائى مسالك بوليه.يظهر انها بحاجه الى فحوصات وصور شعاعيه
93,السلام عليكم ورحمة الله وبركاته ابنتي عمرها 3 سنوات تتكلم مع نفسها بشكل كبير وتلعب مع نفسها كثيرا وتتخيل اشياء كثير مما يثير قلقي حتى انها تتكلم مع اشخاص غير موجودين وتلعب مهم وتناديهم بأسماء غير موجوده مثل( سالم *وليد)حتى وهي تتابع افلام الكرتون وتكون في انسجام عميق إلا فجأة تقول (مارح اعطيك بسكويت وشبس) اقول لها مع من تتحدثي تقول وليد يريد ان ياكل معي من الشبس واصبحت عصبيه وسلوكها غير مرضي اصبحت تضربني وأحياناً اضربها على يدها واقول لها لايجوز هذا تأتي وتعتذر وتقول لي وليد قالي,"وعليكم السلام ورحمة الله وبركاته. أولاً، يعتبر التخيل واللعب بمفردها في هذا العمر طبيعيًا إلى حد ما وهو جزء من التطور الطبيعي للطفل. ولكن إذا كنتِ قلقة من السلوكيات الجديدة، يمكنكِ التشاور مع طبيب الأطفال للتأكد من أن كل شيء طبيعي. 

بالنسبة للعدوان الذي تظهره ابنتك، انه أمر غير طبيعي ويجب التعامل معه بعناية. يمكنكِ تجربة بعض الاستراتيجيات مثل إعلامها بالتأثيرات السلبية للغضب والعدوان، وكذلك تعلمها طرقًا أكثر صحة للتعبير عن مشاعرها. 

ربما يكون للاستشارة مع متخصص في العلاج السلوكي أيضًا فائدة في هذا السياق. أنت تضربينها قد يعزز سلوكيات العنف والعدوانية، فالأطفال غالبًا ما يعتبرون السلوك الذي يظهرونه أبويهم كنموذج.

أيضاً، يمكن أن يكون هناك أسباب أخرى للسلوكيات مثل التوتر أو التغييرات في الحياة، لذا فهو يستحق النظر. إذا كانت السلوكيات مزعجة أو تزداد في السوء، فربما يكون التشاور مع محترف الصحة النفسية للأطفال جيدًا.",يرجى مراجعة طبيب اعصاب اطفال للضرورة
94,ولدي عمره ٦ سنوات وثلاث اشهر وطوله ١٠٩ ووزنه ٢١ كيلو ….. هل الطول والوزن مناسب لعمره او يحتاج عرضه على طبيب ؟,حسب مخططات نمو الأطفال المعتمدة من منظمة الصحة العالمية، الوزن والطول الحاليين لابنك تقريبا ضمن المتوسط المتوقع لعمره. ولكن الفحص الطبي الدوري مهم للتأكد من النمو والتطور الصحي للطفل. لذا، يفضل استشارة طبيب الأطفال للتأكد من صحة تطور الطفل وحالته العامة.,الطول والوزن مناسبين للعمر ولا حاجة لعرضه على طبيب و ويجب المتابعة كل 6 شهور
95,انا فتاة عمري 22 سنة، اعاني من الم في البطن من 4 ايام اسهال متواصل بعد تناول اي وجبه واشعر بالتعب جدا ولااستطيع مواصلت حياتي الطبيعيه حتى النوم لا استطيع ان انام براحه استيقظ كل ساعتين,بناءً على الأعراض التي تشكين منها، يبدو أنك قد تعانين من التهاب الأمعاء أو التسمم الغذائي. من الضروري زيارة الطبيب في أقرب وقت ممكن. حتى ذلك الحين، حاولي تناول الكثير من السوائل لتجنب الجفاف الذي يمكن أن يحدث بسبب الإسهال. تجنبي الأطعمة الثقيلة والدهنية والمكونات التي قد تسبب لك أي تهيج مثل الكافيين والكحول والأطعمة الحارة. ثم العودة إلى نظام غذائي طبيعي ببطء. الراحة الجيدة أيضاً مهمة. لكن روجي للطبيب بأسرع ما يمكن لتأكيد التشخيص وبدء العلاج المناسب.,"كشف اكلينيكي
تحليل براز
وقد تحتاجي لموجات صوتية ع البطن ان رأي الطبيب المعالج ان هناك احتياج لها.."
96,"هل ي اعراض ارتجاع المرئ ان يسبب الم فى الذراعين ؟
انا رجل",رغم أن الأعراض الأكثر شيوعا لارتجاع المريء تتضمن الحرقة الصدرية وصعوبة في البلع، إلا أن البعض يعانون من الشعور بالألم أو عدم الراحة في الذراعين. ولكن، ينبغي أن لا تتجاهل هذه الأعراض لأن الألم في الذراعين يمكن أن يكون أيضًا مؤشرًا على حالة مرضية خطيرة مثل اعتلال القلب. ينصح بالتوجه للطبيب فورا للحصول على التشخيص الصحيح والعلاج المناسب.,ابحث عن سبب آخر لالم الذراعين
97,انا امرأة اشعر بثقل ف الشرج والام مستمرة وكان البراز منحشر واشعر براحة عندقضاءالحاجة وبعدهااشعربراحةولاارى بواسيراو كتل واشعر بتقلصات ف البطن ايضاويذهب الالم بمجرد الشعور بالتغوط,من الواضح أنك تعانين من الإمساك. الإمساك يمكن أن يسبب الشعور بالثقل والألم في الشرج، التقلصات البطنية، والشعور بالراحة بعد التغوط. يمكن أن يكون بسبب نظام غذائي غير مناسب، قلة النشاط البدني، التجفف أو الحالة النفسية مثل الإجهاد أو القلق. يمكنك القيام ببعض التغييرات البسيطة في نمط حياتك التي قد تساعد، مثل زيادة الأطعمة الغنية بالألياف في نظامك الغذائي، شرب الماء بكميات كافية وممارسة الرياضة بانتظام. إذا استمر التعب والإمساك، يجب عليك زيارة طبيب الأمراض الجلدية لاستبعاد أي مشكلات أخرى.,"اضطرابات باجهاز الهضمى انصح بتناول الخضار والفاكهة بكثرة واستعمال ملين مناسب لتفادى حدوث شرخ شرجى او بواسير
الف سلامة"
98,انا امرأة وعند شربي للقهوة أو الشاي أشعر بآلام شديدة في منطقة أسفل البطن ما هي مشكلتي و شكرا,قد يكون احساسك بآلام في أسفل البطن بعد شرب القهوة أو الشاي نتيجة لتحسس من الكافيين أو حتى الحموضة المرتفعة في هذه المشروبات التي قد تؤثر على بطانة المعدة. إلا أنه يجب مراجعة الطبيب من أجل معرفة السبب الحقيقي للألم والعلاج المناسب. حاولي تقليل استهلاك القهوة والشاي ومراقبة الأعراض.  إذا لم تتحسن حالتك، سيكون من الأفضل مراجعة الطبيب .,"من الممكن انك تعاني من التهابات المسالك البوليه.
اعمل فحص للبول"
99,انا امرأة وعانيت من نزول قطع صغيرة من البراز مع مد احمر ثم توقف الدم ونزول قطع براز صغيرة وهذا من مدة لا تتجاوز الاسبوع فمن ماذا اعاني وما العلاج,يبدو أنك تعاني من أعراض قد تكون متعلقة بالبواسير أو أي نوع آخر من الشرخ الشرجي، الذي قد يسبب نزول الدم مع البراز. هناك أيضاً إمكانية أن تكون المشكلة متعلقة بالتهاب القولون أو البوليبات. من الأفضل أن تراجعي طبيب أو طبيبة بسرعة لتحديد السبب ولتلقي العلاج المناسب. توقف الدم قد يكون أمرًا جيدًا ولكنه لا يزيل الحاجة إلى ارتكاب الطبيب. من الأمور التي يمكن فعلها في المنزل لتخفيف الأعراض هي شرب الكثير من الماء وتناول نظام غذائي غني بالألياف لتجنب الإمساك وتقليل الضغط على الأمعاء.,ينصح بجزاء تنظير للقولون
100,انا امرأة احس ب شي يتحرك فجأه اسفل صدري واشك ان اسفل رئتي بعدها يصير گان من ضخ مويه دافيه ف صدري بحيث تتوقف الرؤيه قليلا؟ م السبب ؟ومالعلاج؟ لا اعاني م الربو احيانا كأن ف ابر داخل قلبي؟,"يبدو أنك تعانين من أعراض تحتاج إلى التقييم الطبي على الفور، مثل شعورك بالحركة أسفل صدرك والضغط أو الشعور بألم في منطقة القلب. رغم أن هذه الأعراض يمكن أن تكون ناتجة عن أسباب غير خطيرة مثل القلق والتوتر، إلا أنها قد تكون أيضا عرضا لحالات خطيرة مثل الأمراض القلبية. 

إضافة إلى ذلك، الشعور بالدوار أو فقدان الرؤية، حتى لو كان مؤقتًا، يجب أن يُنظر إليه على أنه عاجل. قد يكون هذا عرضا لمشاكل في الدورة الدموية أو مشاكل في الدماغ مثل السكتة الدماغية.

لا تتأخري في التواصل مع طبيبك أو زيارة قسم الطوارئ أقرب المستشفى ، خاصة إذا زادت الأعراض أو لو أصبحت مزعجة بشكل متزايد أو أصبحت أعراض جديدة.",هذه الأعراض غير منسقة مع مرض معين لكن قد يوجد عدم انتظام بضربات القلب يؤدي أحيانا الي تلك الأعراض.
